sample_id,fault_type,H2,CH4,C2H2,C2H4,C2H6,split
S0001,D2,1900.0,530.0,434.0,383.0,35.0,train
S0002,T2,753.0,394.0,13.0,398.0,297.0,cal
S0003,D1,1053.0,633.0,702.0,250.0,78.0,cal
S0004,T3,1891.0,794.0,185.0,460.0,428.0,test
S0005,PD,27398.0,271.0,33.0,91.0,,test
S0006,T1,116.0,85.0,0.0,74.0,88.0,train
S0007,PD,11130.0,684.0,5.0,96.0,47.0,train
S0008,D2,422820.727,978.708,8959.95,,83.908,test
S0009,D1,1054.0,172.0,242.0,76.0,43.0,train
S0010,D1,1843.0,732.0,91.0,41.0,95.0,train
S0011,T1,181.0,86.0,8.0,59.0,53.0,train
S0012,T3,1236.0,603.0,,526.0,336.0,test
S0013,D2,82.0,11.0,15.0,17.0,2.7,train
S0014,T3,1680.0,560.0,70.0,697.0,478.0,test
S0015,D1,1135.0,648.0,696.0,458.0,181.0,test
S0016,D1,1751.0,389.0,242.0,347.0,156.0,train
S0017,T3,1788.0,747.0,163.0,521.0,426.0,test
S0018,D1,533.0,72.0,653.0,750.0,43.0,cal
S0019,D1,1858.0,593.0,520.0,986.0,183.0,train
S0020,D2,33.6,2.36,0.0,0.85,1.43,train
S0021,D1,854.0,845.0,36.0,407.0,56.0,cal
S0022,T1,188.0,116.0,3.0,73.0,38.0,cal
S0023,T2,386.0,,44.0,309.0,139.0,train
S0024,D1,215.0,768.0,263.0,841.0,132.0,train
S0025,D1,1822.0,110.0,375.0,436.0,132.0,cal
S0026,T2,211.0,412.0,27.0,297.0,121.0,test
S0027,T1,175.0,54.0,8.0,61.0,11.0,train
S0028,D1,1955.0,241.0,81.0,898.0,139.0,train
S0029,D2,2154.656,891.929,2027.761,2487.247,71.943,train
S0030,PD,8184.0,272.0,25.0,99.0,4.0,train
S0031,PD,39876.0,1466.0,18.0,11.0,39.0,test
S0032,T2,423.0,472.0,26.0,276.0,233.0,test
S0033,D1,100.0,94.0,118.0,304.0,22.0,train
S0034,D2,1530.783,122.859,89.742,73.717,19.179,train
S0035,D1,1636.0,593.0,441.0,372.0,74.0,train
S0036,D2,1210.491,145.153,455.694,202.629,35.625,train
S0037,T3,1120.0,518.0,488.0,702.0,318.0,cal
S0038,T1,78.0,61.0,2.0,13.0,23.0,cal
S0039,PD,15602.0,1891.0,24.0,47.0,12.0,train
S0040,D1,150.0,413.0,265.0,487.0,178.0,train
S0041,PD,26279.0,405.0,26.0,58.0,41.0,train
S0042,D1,112.0,556.0,398.0,166.0,119.0,train
S0043,T3,1429.0,527.0,52.0,682.0,446.0,train
S0044,PD,19308.0,,,89.0,9.0,train
S0045,D1,2870.619,869.932,3281.263,421.891,57.058,train
S0046,T1,181.0,,5.0,42.0,86.0,train
S0047,T2,707.0,311.0,18.0,150.0,,train
S0048,D1,1269.0,,733.0,681.0,92.0,train
S0049,T1,118.0,145.0,7.0,52.0,63.0,train
S0050,D1,1040.0,967.0,567.0,37.0,161.0,cal
S0051,PD,27567.0,1741.0,31.0,1.0,7.0,test
S0052,D1,944.0,838.0,668.0,759.0,105.0,cal
S0053,T1,68.0,27.0,3.0,21.0,8.0,train
S0054,T2,257.0,261.0,27.0,207.0,262.0,test
S0055,T3,1437.0,616.0,383.0,741.0,404.0,test
S0056,D1,760.0,754.0,547.0,709.0,,train
S0057,D1,314.0,282.0,732.0,434.0,26.0,train
S0058,T2,497.0,286.0,7.0,212.0,152.0,train
S0059,PD,18071.0,335.0,29.0,1.0,47.0,train
S0060,T1,176.0,21.0,0.0,66.0,8.0,test
S0061,PD,31728.0,1482.0,9.0,91.0,31.0,test
S0062,PD,28199.0,812.0,4.0,29.0,45.0,train
S0063,T3,927.0,509.0,62.0,780.0,221.0,cal
S0064,PD,17038.0,1532.0,29.0,91.0,37.0,train
S0065,T3,1910.0,561.0,150.0,,247.0,cal
S0066,PD,,1990.0,18.0,55.0,2.0,train
S0067,D1,1585.0,142.0,118.0,293.0,112.0,test
S0068,T1,159.0,34.0,5.0,66.0,56.0,train
S0069,D1,368.0,805.0,318.0,333.0,93.0,test
S0070,D2,1048.86,87.171,81.791,65.328,0.2,train
S0071,T3,1381.0,544.0,,631.0,292.0,test
S0072,D1,1677.0,272.0,576.0,908.0,141.0,train
S0073,T2,421.0,193.0,29.0,128.0,297.0,cal
S0074,D1,1563.0,120.0,251.0,112.0,189.0,test
S0075,D1,220.0,790.0,399.0,796.0,56.0,train
S0076,D2,0.85,0.0,0.12,0.2,11.695,cal
S0077,PD,16444.0,693.0,19.0,85.0,7.0,test
S0078,T1,148.0,36.0,4.0,44.0,96.0,train
S0079,PD,15878.0,1384.0,4.0,40.0,30.0,train
S0080,PD,38061.0,978.0,34.0,96.0,18.0,train
S0081,PD,25212.0,1253.0,35.0,3.0,8.0,train
S0082,PD,36129.0,,24.0,19.0,16.0,cal
S0083,D2,865.18,45.101,14.978,19.095,18.036,test
S0084,T1,85.0,130.0,1.0,50.0,16.0,cal
S0085,PD,7527.0,1100.0,32.0,34.0,33.0,test
S0086,T2,583.0,287.0,11.0,261.0,291.0,test
S0087,T2,557.0,314.0,23.0,224.0,203.0,test
S0088,D2,8396.0,2285.0,11555.0,5793.0,382.0,train
S0089,T2,423.0,422.0,31.0,288.0,100.0,train
S0090,PD,7142.0,979.0,46.0,18.0,12.0,train
S0091,T3,,546.0,60.0,554.0,582.0,train
S0092,T2,238.0,489.0,21.0,141.0,111.0,train
S0093,T1,117.0,24.0,9.0,84.0,,train
S0094,PD,9165.0,913.0,6.0,65.0,49.0,train
S0095,PD,20507.0,1456.0,,1.0,8.0,train
S0096,PD,39963.0,578.0,34.0,88.0,34.0,test
S0097,T3,1464.0,723.0,165.0,,,cal
S0098,T2,425.0,218.0,12.0,177.0,155.0,cal
S0099,T3,1026.0,637.0,395.0,565.0,210.0,train
S0100,D1,551.0,787.0,359.0,250.0,35.0,train
S0101,T1,134.0,99.0,5.0,27.0,16.0,cal
S0102,T2,257.0,223.0,39.0,177.0,223.0,train
S0103,T1,93.0,90.0,4.0,16.0,94.0,cal
S0104,T1,22.0,93.0,4.0,81.0,9.0,train
S0105,T1,28.0,68.0,4.0,78.0,7.0,train
S0106,D1,351.049,5.263,4.879,,17.371,train
S0107,D1,1077.0,462.0,58.0,742.0,12.0,train
S0108,T1,76.0,21.0,4.0,88.0,7.0,test
S0109,T2,315.0,401.0,31.0,186.0,170.0,train
S0110,T2,309.0,190.0,16.0,111.0,221.0,cal
S0111,PD,34808.0,1378.0,22.0,68.0,36.0,train
S0112,T1,96.0,134.0,,20.0,47.0,train
S0113,D1,182.0,898.0,334.0,887.0,147.0,train
S0114,D2,53.998,11.112,5.125,35.789,25.242,train
S0115,T2,369.0,314.0,38.0,108.0,81.0,cal
S0116,T3,1152.0,869.0,67.0,470.0,228.0,train
S0117,T2,,151.0,41.0,345.0,188.0,train
S0118,D2,1570.0,1110.0,1830.0,1780.0,175.0,train
S0119,D1,1288.0,834.0,17.0,637.0,101.0,test
S0120,T2,487.0,416.0,9.0,209.0,187.0,cal
S0121,T2,321.0,233.0,30.0,242.0,280.0,train
S0122,T2,721.0,208.0,8.0,141.0,260.0,cal
S0123,PD,20652.0,860.0,18.0,78.0,5.0,train
S0124,T1,141.0,60.0,7.0,93.0,45.0,test
S0125,D1,1084.0,774.0,316.0,22.0,12.0,cal
S0126,D1,1220.0,565.0,30.0,268.0,143.0,test
S0127,D1,1949.0,365.0,795.0,392.0,102.0,test
S0128,D1,,871.0,,733.0,139.0,test
S0129,T1,56.0,99.0,3.0,60.0,10.0,train
S0130,T1,106.0,77.0,1.0,,61.0,cal
S0131,T2,634.0,451.0,4.0,365.0,57.0,train
S0132,D1,1210.0,738.0,106.0,895.0,192.0,cal
S0133,PD,20165.0,267.0,6.0,91.0,35.0,cal
S0134,D2,2429.793,632.587,1579.222,2214.566,63.649,train
S0135,PD,37024.0,,39.0,59.0,35.0,train
S0136,T2,332.0,492.0,,371.0,105.0,test
S0137,T1,85.0,36.0,8.0,32.0,66.0,test
S0138,T3,1360.0,577.0,,436.0,419.0,train
S0139,T1,77.0,85.0,9.0,29.0,98.0,train
S0140,D2,23.0,0.9,0.0,0.19,0.0,train
S0141,D2,10007.0,3332.0,8468.0,3691.0,180.0,test
S0142,PD,14266.0,1477.0,36.0,41.0,0.0,train
S0143,PD,32679.0,1282.0,6.0,64.0,11.0,train
S0144,D1,1127.0,416.0,492.0,397.0,41.0,train
S0145,D1,506.0,314.0,53.0,557.0,166.0,train
S0146,D1,109.0,746.0,252.0,580.0,30.0,train
S0147,D2,554.69,103.719,20.0,36.403,5.573,cal
S0148,T1,23.0,57.0,1.0,83.0,45.0,train
S0149,PD,35076.0,1287.0,17.0,17.0,42.0,cal
S0150,T1,192.0,65.0,3.0,5.0,84.0,test
S0151,T3,1936.0,512.0,235.0,600.0,349.0,test
S0152,PD,12523.0,1513.0,,55.0,40.0,train
S0153,PD,26647.0,307.0,5.0,60.0,28.0,cal
S0154,PD,13248.0,434.0,13.0,44.0,46.0,train
S0155,T2,591.0,406.0,2.0,,155.0,train
S0156,T1,96.0,11.0,2.0,59.0,94.0,train
S0157,D1,965.0,79.0,10.0,137.0,71.0,train
S0158,T3,1259.0,537.0,311.0,743.0,553.0,cal
S0159,D1,1061.821,38.089,18.457,1.127,17.055,train
S0160,D1,155.0,,,739.0,72.0,train
S0161,PD,36868.0,855.0,46.0,61.0,36.0,train
S0162,D1,119.0,605.0,354.0,,,train
S0163,T1,114.0,105.0,0.0,67.0,51.0,cal
S0164,T2,660.0,220.0,10.0,266.0,205.0,train
S0165,D1,1238.0,981.0,,197.0,153.0,train
S0166,PD,21855.0,1211.0,39.0,29.0,30.0,cal
S0167,T3,1742.0,885.0,478.0,412.0,599.0,train
S0168,T1,53.0,136.0,9.0,21.0,20.0,cal
S0169,D1,78.0,161.0,10.0,353.0,86.0,cal
S0170,T1,165.0,,4.0,37.0,83.0,train
S0171,T1,60.0,5.0,6.0,41.0,,train
S0172,PD,19263.0,1965.0,37.0,78.0,39.0,cal
S0173,PD,22710.0,1212.0,17.0,15.0,41.0,train
S0174,T1,,86.0,9.0,27.0,15.0,train
S0175,D1,1892.0,240.0,645.0,326.0,39.0,train
S0176,PD,20414.0,1326.0,21.0,23.0,4.0,train
S0177,T1,26.0,27.0,3.0,41.0,53.0,test
S0178,D2,30.4094,8.1412,44.725,16.0032,0.7212,cal
S0179,T2,397.0,322.0,45.0,377.0,72.0,test
S0180,T1,55.0,91.0,8.0,8.0,18.0,train
S0181,T3,1742.0,757.0,139.0,413.0,583.0,train
S0182,T2,523.0,445.0,13.0,197.0,107.0,train
S0183,PD,6012.0,1535.0,40.0,39.0,27.0,cal
S0184,PD,23588.0,1863.0,43.0,24.0,45.0,cal
S0185,T1,179.0,77.0,7.0,22.0,44.0,train
S0186,D2,11641.0,3192.0,6163.0,7034.0,244.0,train
S0187,D2,141.314,21.909,0.12,0.2,0.2,test
S0188,T3,1990.0,747.0,145.0,615.0,226.0,train
S0189,D2,170.0,24.0,54.0,17.0,7.0,train
S0190,PD,33880.0,859.0,39.0,60.0,11.0,train
S0191,T1,107.0,34.0,9.0,66.0,29.0,cal
S0192,T1,38.0,97.0,,63.0,9.0,train
S0193,T1,,73.0,7.0,97.0,27.0,cal
S0194,PD,18418.0,486.0,32.0,42.0,47.0,test
S0195,T3,1308.0,624.0,237.0,686.0,202.0,train
S0196,T3,923.0,557.0,145.0,510.0,399.0,train
S0197,T1,196.0,,6.0,81.0,10.0,train
S0198,T1,68.0,82.0,6.0,52.0,63.0,test
S0199,T3,1599.0,889.0,446.0,533.0,243.0,test
S0200,PD,11796.0,482.0,27.0,52.0,39.0,cal
S0201,D2,626.395,149.742,29.103,71.202,15.668,train
S0202,T2,311.0,382.0,37.0,223.0,64.0,train
S0203,D1,1204.0,991.0,527.0,308.0,33.0,train
S0204,D2,446.719,20.295,35.891,17.127,11.617,test
S0205,D1,188.0,841.0,509.0,499.0,22.0,train
S0206,D1,1226.0,967.0,335.0,75.0,157.0,train
S0207,T3,1831.0,564.0,425.0,628.0,448.0,test
S0208,PD,21213.0,,22.0,,4.0,cal
S0209,T1,135.0,29.0,4.0,61.0,76.0,cal
S0210,D1,29174.607,615.031,279.893,0.2,2731.76,test
S0211,T3,1174.0,845.0,309.0,587.0,472.0,train
S0212,T1,42.0,57.0,6.0,17.0,52.0,train
S0213,T2,301.0,311.0,1.0,166.0,100.0,cal
S0214,D1,659.0,75.0,298.0,600.0,50.0,train
S0215,D2,8053.0,4519.0,,7347.0,278.0,test
S0216,T3,886.0,822.0,499.0,434.0,252.0,test
S0217,T3,958.0,636.0,439.0,453.0,420.0,train
S0218,T3,1889.0,932.0,470.0,606.0,387.0,test
S0219,D1,145.0,810.0,147.0,866.0,78.0,test
S0220,D2,106.0,24.0,37.0,28.0,4.0,test
S0221,T1,157.0,115.0,1.0,5.0,87.0,cal
S0222,T2,329.0,465.0,28.0,295.0,163.0,train
S0223,T1,56.0,29.0,1.0,44.0,47.0,train
S0224,T2,563.0,293.0,42.0,272.0,239.0,train
S0225,T3,1291.0,788.0,437.0,769.0,485.0,cal
S0226,PD,21921.0,1662.0,38.0,25.0,21.0,train
S0227,T1,120.0,18.0,6.0,22.0,7.0,cal
S0228,T3,892.0,652.0,392.0,700.0,585.0,test
S0229,D2,1179.027,1002.854,1924.743,1780.489,77.364,cal
S0230,PD,10266.0,1405.0,29.0,20.0,36.0,train
S0231,D1,,876.0,96.0,613.0,,train
S0232,D1,952.0,767.0,494.0,166.0,152.0,train
S0233,T1,176.0,130.0,7.0,11.0,23.0,train
S0234,T3,1299.0,906.0,485.0,469.0,230.0,test
S0235,T2,639.0,265.0,,171.0,189.0,train
S0236,T1,146.0,112.0,1.0,73.0,63.0,cal
S0237,T3,849.0,812.0,384.0,615.0,223.0,train
S0238,T3,1763.0,848.0,,735.0,379.0,cal
S0239,T3,840.0,,123.0,525.0,263.0,train
S0240,PD,11666.0,1268.0,,15.0,9.0,test
S0241,D1,1625.0,283.0,468.0,537.0,154.0,train
S0242,PD,18469.0,1399.0,17.0,86.0,46.0,test
S0243,T3,1068.0,787.0,442.0,742.0,488.0,cal
S0244,PD,14299.0,849.0,1.0,59.0,7.0,train
S0245,D1,943.0,91.0,488.0,841.0,134.0,train
S0246,D1,174.0,507.0,25.0,58.0,8.0,train
S0247,D1,114.0,308.0,291.0,512.0,58.0,train
S0248,PD,5875.0,1575.0,1.0,,10.0,cal
S0249,D1,745.692,0.0,15.335,0.2,1.031,test
S0250,D2,,2345.0,5376.0,3115.0,330.0,cal
S0251,T1,187.0,33.0,6.0,7.0,56.0,train
S0252,T2,201.0,337.0,9.0,215.0,,train
S0253,PD,,350.0,1.0,16.0,,train
S0254,D1,791.335,115.712,208.824,39.14,38.235,cal
S0255,D2,8953.0,4841.0,7135.0,3113.0,339.0,test
S0256,D1,771.0,163.0,598.0,323.0,135.0,train
S0257,T1,169.0,121.0,8.0,15.0,86.0,train
S0258,T3,1784.0,639.0,192.0,581.0,,train
S0259,T1,115.0,26.0,3.0,39.0,19.0,train
S0260,PD,28859.0,665.0,36.0,41.0,48.0,train
S0261,PD,39044.0,1803.0,9.0,20.0,23.0,train
S0262,T2,534.0,443.0,46.0,181.0,106.0,test
S0263,T2,619.0,217.0,11.0,216.0,222.0,train
S0264,T1,672.65,2780.927,0.12,50.036,164.003,train
S0265,T1,184.0,80.0,1.0,94.0,62.0,train
S0266,T3,1280.0,,395.0,420.0,413.0,train
S0267,T3,,932.0,388.0,757.0,425.0,train
S0268,PD,1942.782,164.302,0.12,48.418,482.075,train
S0269,T2,488.0,496.0,6.0,197.0,193.0,cal
S0270,D2,,84.046,108.085,95.254,15.726,train
S0271,T1,37.0,72.0,4.0,23.0,55.0,train
S0272,T1,142.0,49.0,7.0,98.0,12.0,cal
S0273,D1,243.0,281.0,679.0,448.0,47.0,train
S0274,D1,1629.0,116.0,388.0,759.0,40.0,test
S0275,T1,,,3.0,43.0,82.0,test
S0276,PD,24233.0,1133.0,7.0,77.0,19.0,test
S0277,PD,18168.0,1527.0,44.0,42.0,10.0,train
S0278,T3,1032.0,505.0,390.0,703.0,320.0,test
S0279,PD,,1719.0,17.0,69.0,11.0,train
S0280,PD,24605.0,747.0,35.0,68.0,48.0,train
S0281,PD,37431.0,228.0,20.0,84.0,28.0,test
S0282,T2,599.0,212.0,26.0,135.0,147.0,train
S0283,PD,22530.0,987.0,,68.0,23.0,train
S0284,D2,1449.465,132.681,9.501,37.79,0.2,test
S0285,PD,32995.0,1163.0,32.0,12.0,26.0,train
S0286,D1,450.0,155.0,73.0,630.0,18.0,test
S0287,T2,707.0,356.0,30.0,323.0,102.0,test
S0288,D1,953.0,,117.0,737.0,161.0,test
S0289,D1,85.865,7.0013,0.0,2.642,4.4914,cal
S0290,T2,701.0,347.0,,288.0,95.0,train
S0291,D1,75.878,51.678,5.784,0.44,4.527,test
S0292,D2,189.0,157.0,7.4,62.0,17.0,test
S0293,T1,183.0,127.0,1.0,55.0,33.0,cal
S0294,PD,15621.0,987.0,2.0,89.0,18.0,train
S0295,D1,339.0,999.0,247.0,401.0,153.0,train
S0296,PD,33475.0,,11.0,56.0,19.0,test
S0297,D2,256.714,52.895,63.941,43.455,21.184,test
S0298,D1,1856.0,,765.0,337.0,54.0,train
S0299,T3,1806.0,917.0,371.0,505.0,304.0,cal
S0300,T3,,661.0,345.0,670.0,224.0,train
S0301,T2,785.0,308.0,20.0,372.0,223.0,cal
S0302,T1,106.0,129.0,2.0,65.0,30.0,train
S0303,T1,30.0,36.0,1.0,40.0,83.0,train
S0304,T2,624.0,276.0,27.0,140.0,222.0,train
S0305,T1,69.0,68.0,9.0,6.0,49.0,train
S0306,D1,675.0,651.0,155.0,992.0,49.0,test
S0307,D2,3025.187,966.189,6263.686,3784.513,90.3,train
S0308,D1,895.0,510.0,130.0,359.0,174.0,train
S0309,T2,580.0,195.0,21.0,173.0,77.0,test
S0310,T1,164.0,46.0,8.0,6.0,83.0,train
S0311,T3,1680.0,609.0,126.0,448.0,319.0,train
S0312,D1,357.0,646.0,27.0,,16.0,train
S0313,D1,606.033,79.317,45.738,9.841,9.649,train
S0314,PD,38889.0,1653.0,35.0,63.0,37.0,cal
S0315,PD,34467.0,478.0,4.0,45.0,42.0,cal
S0316,D1,638.0,745.0,364.0,437.0,130.0,test
S0317,T3,1613.0,545.0,192.0,772.0,591.0,train
S0318,T2,510.0,374.0,18.0,348.0,270.0,train
S0319,PD,30763.0,594.0,43.0,52.0,45.0,train
S0320,D1,1120.0,808.0,430.0,890.0,104.0,train
S0321,T3,1362.0,705.0,148.0,481.0,215.0,train
S0322,PD,25100.0,1183.0,29.0,31.0,22.0,cal
S0323,PD,34450.0,1915.0,33.0,95.0,32.0,train
S0324,D1,1581.0,816.0,336.0,580.0,105.0,train
S0325,T1,56.0,103.0,6.0,6.0,22.0,train
S0326,T2,750.0,194.0,32.0,392.0,134.0,cal
S0327,T2,415.0,177.0,47.0,115.0,166.0,train
S0328,PD,21947.0,1466.0,21.0,96.0,7.0,test
S0329,PD,32651.0,859.0,12.0,99.0,5.0,train
S0330,PD,9229.0,633.0,29.0,10.0,38.0,test
S0331,D1,1517.0,913.0,559.0,159.0,136.0,cal
S0332,PD,23011.0,1617.0,11.0,78.0,41.0,train
S0333,T2,211.0,,39.0,,240.0,cal
S0334,T3,1814.0,727.0,122.0,787.0,436.0,test
S0335,T1,167.0,88.0,9.0,49.0,43.0,train
S0336,D2,0.85,0.0,29.05,37.874,0.2,train
S0337,D1,1888.0,341.0,97.0,78.0,73.0,test
S0338,D1,400.0,663.0,655.0,775.0,66.0,test
S0339,T1,40.0,92.0,1.0,56.0,43.0,train
S0340,D2,221.832,47.389,0.12,0.2,9.45,cal
S0341,D2,7679.0,2005.0,5455.0,5624.0,419.0,train
S0342,PD,19110.0,1132.0,8.0,30.0,20.0,cal
S0343,D1,1680.0,568.0,741.0,206.0,149.0,cal
S0344,PD,11916.0,797.0,16.0,59.0,49.0,test
S0345,T1,102.0,24.0,7.0,51.0,25.0,train
S0346,T2,605.0,319.0,36.0,246.0,191.0,cal
S0347,T1,151.0,114.0,6.0,61.0,75.0,train
S0348,T2,397.0,165.0,21.0,255.0,256.0,cal
S0349,D1,1776.0,750.0,36.0,282.0,74.0,train
S0350,T3,1560.0,949.0,121.0,576.0,292.0,train
S0351,T2,27.0,90.0,0.2,63.0,42.0,cal
S0352,D1,1896.0,939.0,326.0,440.0,18.0,train
S0353,T2,709.0,200.0,14.0,263.0,193.0,cal
S0354,D2,0.0,0.0,0.0,0.0,0.0,train
S0355,T1,151.0,56.0,2.0,41.0,44.0,test
S0356,T3,1886.0,636.0,302.0,500.0,239.0,train
S0357,T2,344.0,205.0,19.0,247.0,77.0,train
S0358,T2,725.0,327.0,38.0,129.0,149.0,train
S0359,D1,680.0,576.0,62.0,210.0,80.0,train
S0360,T1,161.0,38.0,5.0,19.0,28.0,train
S0361,D2,11269.0,2562.0,6156.0,6781.0,347.0,train
S0362,D1,,83.547,66.279,17.578,33.07,cal
S0363,T3,1907.0,949.0,397.0,621.0,365.0,train
S0364,D1,276.0,791.0,523.0,56.0,170.0,cal
S0365,T1,189.0,103.0,9.0,30.0,16.0,train
S0366,T3,1872.0,,409.0,619.0,409.0,test
S0367,T2,797.0,,41.0,386.0,281.0,train
S0368,T2,755.0,334.0,14.0,295.0,112.0,train
S0369,D2,86.819,15.609,0.12,0.2,8.725,train
S0370,T1,74.0,90.0,4.0,13.0,64.0,cal
S0371,PD,39740.0,566.0,4.0,88.0,42.0,test
S0372,T2,513.0,170.0,44.0,352.0,117.0,train
S0373,T1,29.0,92.0,9.0,20.0,85.0,cal
S0374,T2,790.0,404.0,25.0,274.0,66.0,train
S0375,D2,132.389,58.014,0.12,0.2,11.417,test
S0376,PD,24095.0,1601.0,3.0,94.0,26.0,cal
S0377,T1,131.0,68.0,7.0,,34.0,train
S0378,T2,676.0,211.0,6.0,138.0,212.0,test
S0379,T3,1013.0,656.0,320.0,567.0,343.0,cal
S0380,D1,146.0,649.0,562.0,847.0,24.0,train
S0381,T3,1733.0,622.0,167.0,737.0,368.0,train
S0382,T2,447.0,197.0,41.0,190.0,,train
S0383,PD,6052.0,727.0,38.0,60.0,38.0,cal
S0384,D2,0.85,0.0,0.12,0.2,15.885,train
S0385,T2,792.0,172.0,23.0,126.0,289.0,train
S0386,T2,684.0,454.0,10.0,115.0,107.0,train
S0387,PD,39674.0,1044.0,0.0,35.0,18.0,train
S0388,D1,264.0,347.0,414.0,914.0,7.0,cal
S0389,D1,1365.0,238.0,141.0,468.0,165.0,cal
S0390,D1,248.0,523.0,109.0,654.0,183.0,cal
S0391,T1,10.0,55.0,2.0,82.0,22.0,train
S0392,T2,740.0,471.0,20.0,359.0,293.0,train
S0393,D1,,540.0,28.0,795.0,92.0,train
S0394,T1,169.0,17.0,2.0,77.0,20.0,train
S0395,D1,166.0,795.0,567.0,,50.0,train
S0396,T1,119.0,103.0,1.0,43.0,42.0,train
S0397,T2,606.0,461.0,7.0,383.0,182.0,test
S0398,T3,1211.0,603.0,258.0,522.0,414.0,train
S0399,D1,273.168,53.313,40.848,0.2,4.853,train
S0400,T1,161.0,98.0,2.0,94.0,12.0,train
S0401,PD,39548.0,363.0,43.0,8.0,42.0,test
S0402,D1,628.0,775.0,763.0,409.0,139.0,test
S0403,T2,350.0,203.0,15.0,207.0,,train
S0404,D1,1406.0,984.0,628.0,602.0,29.0,cal
S0405,T1,132.0,124.0,9.0,91.0,61.0,train
S0406,D2,655.501,2.208,0.12,0.2,0.2,test
S0407,T2,253.0,309.0,49.0,344.0,285.0,train
S0408,PD,26394.0,535.0,26.0,32.0,27.0,cal
S0409,D1,1503.0,952.0,33.0,49.0,132.0,test
S0410,T2,523.0,208.0,21.0,290.0,56.0,test
S0411,PD,26768.0,363.0,7.0,,,train
S0412,T1,157.0,33.0,3.0,75.0,55.0,cal
S0413,T3,1514.0,733.0,,628.0,276.0,cal
S0414,T2,382.0,199.0,6.0,170.0,141.0,test
S0415,PD,17595.0,1924.0,17.0,39.0,45.0,train
S0416,T3,1196.0,617.0,371.0,736.0,409.0,cal
S0417,D1,590.0,650.0,697.0,745.0,192.0,test
S0418,T2,512.0,453.0,38.0,340.0,204.0,train
S0419,T3,800.0,964.0,179.0,529.0,329.0,train
S0420,D1,1140.0,992.0,221.0,453.0,58.0,train
S0421,PD,37394.0,365.0,39.0,62.0,40.0,train
S0422,T3,1502.0,652.0,181.0,626.0,521.0,train
S0423,T1,166.0,61.0,1.0,22.0,7.0,train
S0424,T2,347.0,,5.0,280.0,224.0,test
S0425,D1,1314.0,140.0,310.0,414.0,113.0,cal
S0426,T3,1999.0,,74.0,,268.0,cal
S0427,T2,751.0,318.0,40.0,388.0,284.0,test
S0428,D2,,38.315,0.12,0.77,0.2,cal
S0429,PD,19637.0,571.0,5.0,,35.0,test
S0430,D2,45.23,2.87,0.0,1.69,2.57,train
S0431,T3,1514.0,877.0,456.0,498.0,549.0,train
S0432,D1,1222.0,825.0,765.0,667.0,130.0,cal
S0433,D2,464.513,44.039,44.937,38.75,0.2,train
S0434,T3,1931.0,717.0,452.0,744.0,261.0,train
S0435,T1,71.0,60.0,6.0,17.0,93.0,train
S0436,T2,245.0,401.0,36.0,204.0,265.0,train
S0437,D1,664.0,498.0,116.0,632.0,128.0,train
S0438,T3,948.0,810.0,245.0,569.0,397.0,cal
S0439,T3,1816.0,655.0,197.0,464.0,305.0,test
S0440,T1,,139.0,3.0,46.0,10.0,cal
S0441,T3,1336.0,950.0,133.0,635.0,265.0,train
S0442,D1,480.0,167.0,461.0,398.0,80.0,cal
S0443,T1,88.0,98.0,7.0,49.0,78.0,test
S0444,T3,1432.0,686.0,57.0,416.0,389.0,cal
S0445,D1,976.0,612.0,,272.0,,test
S0446,T2,348.0,,35.0,148.0,265.0,train
S0447,D2,960.642,174.974,924.329,506.03,29.785,train
S0448,D2,961.52,125.47,252.747,308.581,16.518,train
S0449,D2,0.85,0.0,0.12,0.2,14.926,test
S0450,T2,310.0,368.0,25.0,314.0,276.0,train
S0451,T3,1224.0,540.0,188.0,552.0,281.0,train
S0452,PD,37141.0,715.0,33.0,46.0,17.0,test
S0453,PD,8297.0,1303.0,10.0,52.0,3.0,cal
S0454,T1,,103.0,8.0,63.0,64.0,train
S0455,PD,,1219.0,49.0,42.0,31.0,test
S0456,T2,285.0,407.0,25.0,249.0,290.0,train
S0457,D2,914.218,67.756,84.531,49.691,27.225,train
S0458,D2,65.0,26.1,57.8,41.6,10.1,test
S0459,T2,634.0,438.0,26.0,131.0,150.0,train
S0460,D2,0.85,0.0,11.243,5.105,0.2,train
S0461,D1,1716.0,239.0,290.0,435.0,123.0,test
S0462,T2,228.0,456.0,22.0,332.0,95.0,cal
S0463,D1,997.0,435.0,402.0,952.0,31.0,train
S0464,D1,1674.0,513.0,302.0,380.0,44.0,cal
S0465,PD,11602.0,1821.0,41.0,91.0,14.0,train
S0466,T3,1615.0,920.0,463.0,522.0,355.0,train
S0467,T3,809.0,991.0,175.0,578.0,351.0,cal
S0468,D1,1098.0,477.0,627.0,798.0,75.0,train
S0469,T3,1702.0,606.0,227.0,712.0,,test
S0470,T1,121.0,32.0,2.0,37.0,31.0,train
S0471,PD,31694.0,1902.0,37.0,84.0,18.0,cal
S0472,PD,25829.0,410.0,,52.0,21.0,test
S0473,T3,1726.0,980.0,496.0,749.0,324.0,test
S0474,D1,984.0,729.0,176.0,145.0,42.0,train
S0475,PD,,636.0,,65.0,13.0,train
S0476,T1,172.0,133.0,6.0,39.0,95.0,test
S0477,T2,627.0,383.0,19.0,169.0,208.0,train
S0478,T2,533.0,208.0,8.0,370.0,141.0,cal
S0479,T2,422.0,260.0,41.0,363.0,175.0,train
S0480,D2,633.894,107.257,89.803,173.25,42.351,cal
S0481,D1,446.0,891.0,49.0,772.0,116.0,train
S0482,T1,153.0,86.0,6.0,7.0,19.0,train
S0483,PD,14167.0,658.0,30.0,5.0,32.0,cal
S0484,PD,29728.0,1206.0,46.0,49.0,39.0,train
S0485,T3,,859.0,304.0,799.0,354.0,test
S0486,D2,8200.0,3790.0,5830.0,4620.0,250.0,train
S0487,T1,140.0,31.0,0.0,30.0,86.0,train
S0488,PD,27056.0,356.0,35.0,41.0,,train
S0489,D1,735.0,585.0,,879.0,21.0,cal
S0490,T3,1226.0,617.0,231.0,428.0,496.0,train
S0491,T2,579.0,455.0,34.0,343.0,191.0,train
S0492,T2,737.0,251.0,34.0,181.0,108.0,train
S0493,PD,37724.0,1348.0,3.0,86.0,47.0,train
S0494,D1,1370.0,430.0,703.0,875.0,146.0,train
S0495,T1,34.0,77.0,6.0,88.0,23.0,test
S0496,PD,15256.0,1763.0,48.0,2.0,4.0,test
S0497,T2,716.0,462.0,9.0,228.0,246.0,train
S0498,D1,,521.0,480.0,989.0,6.0,train
S0499,T3,1460.0,712.0,122.0,711.0,586.0,test
S0500,D2,1043.691,33.64,18.701,8.246,0.2,cal
S0501,T2,626.0,166.0,23.0,310.0,99.0,train
S0502,PD,,461.0,12.0,4.0,7.0,train
S0503,T3,1160.0,969.0,258.0,609.0,284.0,test
S0504,PD,6266.0,1669.0,,79.0,45.0,cal
S0505,D1,627.0,362.0,549.0,727.0,33.0,train
S0506,T2,219.0,325.0,8.0,278.0,275.0,cal
S0507,D2,44859.601,1089.851,1112.495,2105.835,6268.593,test
S0508,PD,7964.0,363.0,49.0,86.0,,cal
S0509,D1,680.0,55.0,657.0,851.0,25.0,test
S0510,T1,117.0,97.0,0.0,53.0,5.0,cal
S0511,T2,220.0,282.0,48.0,254.0,253.0,train
S0512,D2,1276.676,8.44,0.12,0.2,9.891,test
S0513,PD,24073.0,1507.0,31.0,7.0,23.0,test
S0514,D2,262.01,61.197,46.646,93.908,2.789,test
S0515,T1,,,3.0,86.0,52.0,train
S0516,T3,1787.0,784.0,464.0,499.0,228.0,cal
S0517,D1,363.0,886.0,361.0,175.0,163.0,train
S0518,PD,17562.0,1777.0,,51.0,5.0,train
S0519,D1,504.0,904.0,658.0,457.0,62.0,train
S0520,PD,33155.0,1831.0,8.0,90.0,,train
S0521,PD,15388.0,1512.0,8.0,17.0,26.0,train
S0522,D1,1378.0,386.0,521.0,886.0,95.0,train
S0523,PD,29990.0,1838.0,32.0,90.0,23.0,train
S0524,T1,84.0,102.0,7.0,51.0,76.0,train
S0525,T3,1076.0,626.0,333.0,776.0,586.0,train
S0526,T3,,585.0,255.0,443.0,571.0,test
S0527,T2,720.0,413.0,48.0,323.0,128.0,cal
S0528,D1,174.0,866.0,698.0,35.0,136.0,train
S0529,PD,39304.0,703.0,16.0,59.0,4.0,train
S0530,D2,11568.0,1130.0,11507.0,,477.0,train
S0531,T1,50.0,76.0,2.0,22.0,85.0,train
S0532,D1,1074.0,866.0,34.0,916.0,40.0,test
S0533,D1,995.0,483.0,733.0,254.0,65.0,cal
S0534,D1,,208.0,402.0,51.0,169.0,train
S0535,T1,98.0,55.0,6.0,46.0,50.0,test
S0536,T3,1813.0,592.0,67.0,742.0,358.0,test
S0537,D1,,76.0,257.0,697.0,190.0,cal
S0538,D2,34896.349,1247.936,2203.088,2729.454,325.193,cal
S0539,D2,344787.285,1146.972,8477.674,3917.962,96.218,train
S0540,D2,21.155,9.697,2.406,4.469,6.129,cal
S0541,PD,34728.0,1899.0,,67.0,2.0,cal
S0542,T2,760.0,267.0,44.0,187.0,196.0,train
S0543,PD,16538.0,861.0,27.0,64.0,5.0,test
S0544,D1,482.0,541.0,21.0,180.0,178.0,train
S0545,T3,1335.0,562.0,200.0,668.0,535.0,cal
S0546,T3,925.0,791.0,215.0,443.0,344.0,train
S0547,PD,27752.0,1085.0,2.0,7.0,23.0,test
S0548,D1,1465.0,687.0,261.0,60.0,56.0,train
S0549,D1,1440.0,731.0,,688.0,,train
S0550,T3,1284.0,746.0,144.0,579.0,351.0,train
S0551,PD,25212.0,1488.0,9.0,28.0,11.0,train
S0552,D2,99.312,0.0,0.12,0.2,0.2,train
S0553,D1,1518.0,477.0,728.0,344.0,104.0,test
S0554,T3,1826.0,721.0,57.0,694.0,571.0,train
S0555,T3,1072.0,813.0,257.0,,,train
S0556,PD,12166.0,1176.0,33.0,67.0,28.0,test
S0557,T3,1561.0,929.0,198.0,438.0,524.0,test
S0558,D1,1477.0,511.0,199.0,,76.0,train
S0559,T3,1740.0,770.0,427.0,437.0,228.0,train
S0560,D2,1261.609,257.024,799.818,477.93,41.528,test
S0561,D1,1663.0,489.0,776.0,742.0,171.0,train
S0562,T1,38.0,78.0,9.0,66.0,19.0,train
S0563,PD,27809.0,496.0,27.0,56.0,6.0,train
S0564,T1,355.027,40.991,0.12,16.226,23.27,train
S0565,D1,295.0,836.0,341.0,43.0,151.0,cal
S0566,D1,794.0,895.0,632.0,694.0,95.0,train
S0567,T3,1279.0,741.0,455.0,754.0,375.0,test
S0568,PD,18294.0,1105.0,10.0,98.0,19.0,cal
S0569,PD,34967.0,1283.0,8.0,38.0,8.0,train
S0570,T2,356.0,241.0,33.0,369.0,292.0,train
S0571,T3,993.0,639.0,119.0,,250.0,test
S0572,D2,450.18,33.05,40.83,15.699,0.2,cal
S0573,T3,1264.0,575.0,416.0,707.0,568.0,test
S0574,T2,262.0,308.0,15.0,137.0,167.0,train
S0575,T2,519.0,186.0,7.0,336.0,124.0,train
S0576,T2,631.0,421.0,12.0,276.0,298.0,cal
S0577,T3,1174.0,734.0,302.0,790.0,200.0,test
S0578,D1,1704.0,684.0,621.0,115.0,188.0,test
S0579,PD,19919.0,1766.0,24.0,32.0,38.0,train
S0580,T1,60.0,126.0,1.0,7.0,71.0,train
S0581,PD,19796.0,1117.0,23.0,57.0,45.0,test
S0582,PD,13836.0,1017.0,29.0,67.0,38.0,test
S0583,T3,1063.0,749.0,103.0,433.0,427.0,train
S0584,D1,1449.0,570.0,259.0,,191.0,test
S0585,PD,6862.0,1525.0,6.0,96.0,43.0,train
S0586,PD,37352.0,440.0,4.0,91.0,39.0,test
S0587,D2,203.259,36.201,67.961,98.224,0.2,test
S0588,D1,1360.0,838.0,192.0,398.0,186.0,test
S0589,T2,220.0,347.0,42.0,374.0,65.0,train
S0590,T1,48.0,16.0,5.0,84.0,90.0,test
S0591,T1,85.0,138.0,6.0,83.0,52.0,train
S0592,D2,73.464,0.0,0.12,0.2,0.2,test
S0593,T3,1814.0,569.0,352.0,753.0,564.0,test
S0594,PD,37847.0,1535.0,10.0,78.0,27.0,train
S0595,T1,165.0,140.0,8.0,63.0,92.0,test
S0596,D1,1315.0,790.0,580.0,563.0,30.0,train
S0597,T3,1267.0,578.0,427.0,444.0,274.0,train
S0598,PD,19488.0,240.0,31.0,62.0,36.0,train
S0599,T2,318.0,294.0,31.0,191.0,263.0,cal
S0600,T3,1219.0,544.0,355.0,417.0,442.0,train
S0601,D1,292.0,191.0,238.0,455.0,26.0,train
S0602,PD,18085.0,,22.0,,9.0,train
S0603,T2,787.0,222.0,28.0,317.0,275.0,train
S0604,T1,63.0,113.0,2.0,17.0,23.0,train
S0605,PD,29147.0,1017.0,47.0,10.0,37.0,train
S0606,D1,115.9,75.0,6.8,25.3,14.7,train
S0607,T1,194.0,15.0,4.0,5.0,23.0,train
S0608,D1,,969.0,198.0,960.0,,train
S0609,D2,2850.0,1115.0,3675.0,1987.0,138.0,train
S0610,T1,194.0,10.0,6.0,59.0,22.0,train
S0611,T2,348.0,459.0,1.0,103.0,208.0,train
S0612,D1,265.0,803.0,18.0,459.0,164.0,train
S0613,T2,636.0,350.0,16.0,246.0,280.0,train
S0614,PD,32644.0,588.0,48.0,83.0,21.0,train
S0615,D1,1921.0,501.0,693.0,101.0,12.0,train
S0616,D1,237.0,482.0,299.0,692.0,187.0,cal
S0617,T3,1362.0,625.0,68.0,756.0,520.0,train
S0618,D2,755.0,229.0,,404.0,,cal
S0619,T2,475.0,165.0,43.0,380.0,241.0,test
S0620,D1,1947.0,679.0,421.0,366.0,8.0,test
S0621,D2,12777.0,4096.0,5628.0,4347.0,463.0,train
S0622,T1,148.0,27.0,1.0,28.0,33.0,train
S0623,T1,170.0,50.0,7.0,84.0,41.0,train
S0624,PD,8565.0,507.0,22.0,76.0,44.0,train
S0625,T2,400.0,417.0,5.0,350.0,169.0,train
S0626,T1,112.0,67.0,6.0,74.0,30.0,train
S0627,T2,769.0,472.0,16.0,272.0,130.0,train
S0628,T1,58.0,51.0,1.0,60.0,64.0,train
S0629,D1,1661.0,894.0,224.0,670.0,181.0,test
S0630,PD,22086.0,579.0,32.0,94.0,42.0,test
S0631,T3,1912.0,662.0,453.0,777.0,344.0,train
S0632,T3,1185.0,814.0,145.0,496.0,469.0,cal
S0633,PD,20290.0,1502.0,14.0,1.0,17.0,train
S0634,PD,38647.0,1076.0,,16.0,16.0,train
S0635,T3,1045.0,738.0,337.0,633.0,426.0,test
S0636,PD,14229.0,1882.0,45.0,30.0,8.0,train
S0637,D2,9269.0,3678.0,10832.0,2500.0,246.0,train
S0638,T3,1345.0,772.0,74.0,627.0,371.0,train
S0639,T3,1888.0,729.0,139.0,650.0,242.0,cal
S0640,T3,1723.0,675.0,125.0,496.0,266.0,train
S0641,T2,517.0,204.0,16.0,355.0,78.0,train
S0642,PD,25004.0,1777.0,39.0,89.0,28.0,train
S0643,PD,23169.0,227.0,13.0,36.0,6.0,test
S0644,T3,821.0,837.0,159.0,,211.0,cal
S0645,D2,312.274,64.585,33.674,55.786,16.284,train
S0646,D1,598.0,427.0,733.0,216.0,88.0,train
S0647,D1,916.0,205.0,625.0,539.0,106.0,cal
S0648,D2,123.881,36.875,43.827,72.496,0.2,train
S0649,T3,1013.0,522.0,197.0,698.0,412.0,cal
S0650,T1,189.0,77.0,2.0,69.0,54.0,train
S0651,T1,108.0,17.0,7.0,36.0,83.0,train
S0652,T1,196.0,63.0,4.0,93.0,78.0,cal
S0653,T1,143.0,117.0,0.0,62.0,10.0,cal
S0654,D1,523.0,940.0,662.0,254.0,29.0,train
S0655,D1,1024.0,714.0,295.0,481.0,16.0,train
S0656,PD,30251.0,,30.0,,1.0,test
S0657,T2,296.0,394.0,36.0,358.0,81.0,train
S0658,T3,,974.0,94.0,499.0,590.0,train
S0659,T2,604.0,476.0,19.0,356.0,125.0,train
S0660,T1,79.0,36.0,2.0,11.0,66.0,train
S0661,T3,1900.0,740.0,425.0,434.0,514.0,cal
S0662,T3,1583.0,870.0,278.0,644.0,525.0,train
S0663,D2,151.242,78.311,21.54,58.112,2.956,train
S0664,PD,24572.0,1404.0,23.0,74.0,12.0,test
S0665,D2,364.99,96.227,50.603,47.428,4.85,cal
S0666,PD,36836.0,882.0,34.0,74.0,27.0,test
S0667,T2,325.0,298.0,32.0,153.0,226.0,train
S0668,T1,110.0,12.0,0.0,73.0,91.0,cal
S0669,T3,1293.0,694.0,325.0,501.0,590.0,train
S0670,PD,489.006,14.865,0.12,3.323,33.665,train
S0671,PD,24823.0,1460.0,18.0,41.0,35.0,train
S0672,PD,13769.0,1387.0,46.0,19.0,9.0,train
S0673,D1,1118.0,988.0,606.0,157.0,66.0,test
S0674,PD,24673.0,1041.0,44.0,88.0,12.0,cal
S0675,T1,53.0,61.0,1.0,35.0,14.0,train
S0676,D2,437.214,23.914,70.236,64.779,15.778,train
S0677,PD,36618.0,1963.0,48.0,57.0,4.0,cal
S0678,T3,1026.0,575.0,89.0,,,train
S0679,PD,31426.0,,23.0,4.0,47.0,train
S0680,D1,1158.0,148.0,703.0,83.0,185.0,cal
S0681,T1,50.0,29.0,3.0,65.0,70.0,cal
S0682,T3,933.0,587.0,145.0,721.0,404.0,train
S0683,T1,182.0,58.0,5.0,51.0,29.0,train
S0684,T1,94.0,14.0,2.0,82.0,49.0,train
S0685,D1,1942.0,202.0,374.0,383.0,190.0,cal
S0686,PD,22918.0,1092.0,15.0,25.0,18.0,train
S0687,T3,1087.0,587.0,306.0,517.0,380.0,train
S0688,D1,524.0,443.0,658.0,274.0,136.0,cal
S0689,PD,22570.0,464.0,48.0,19.0,29.0,cal
S0690,T2,330.0,461.0,5.0,152.0,151.0,cal
S0691,D1,1419.0,365.0,757.0,659.0,46.0,train
S0692,PD,24994.0,1721.0,41.0,47.0,41.0,test
S0693,T1,185.0,87.0,5.0,84.0,96.0,test
S0694,PD,10222.0,417.0,6.0,30.0,3.0,test
S0695,T1,108.0,109.0,5.0,60.0,60.0,train
S0696,T3,1248.0,988.0,198.0,716.0,316.0,train
S0697,D2,197.7,91.4,43.5,79.8,8.3,test
S0698,T3,1107.0,698.0,257.0,678.0,488.0,train
S0699,PD,6936.0,282.0,40.0,63.0,40.0,train
S0700,D1,138.0,534.0,354.0,953.0,45.0,train
S0701,D1,1776.0,734.0,716.0,547.0,159.0,cal
S0702,D1,1974.0,211.0,200.0,699.0,125.0,train
S0703,D1,1249.0,897.0,476.0,963.0,47.0,test
S0704,T1,192.0,123.0,5.0,72.0,85.0,train
S0705,T3,1812.0,607.0,386.0,536.0,277.0,train
S0706,PD,38591.0,1739.0,13.0,84.0,46.0,train
S0707,T1,110.0,114.0,6.0,18.0,85.0,train
S0708,D1,1478.0,465.0,329.0,724.0,156.0,train
S0709,PD,30905.0,1302.0,45.0,93.0,21.0,test
S0710,PD,34984.0,652.0,18.0,2.0,30.0,train
S0711,PD,35990.0,1235.0,8.0,62.0,35.0,cal
S0712,D1,1572.0,381.0,479.0,839.0,146.0,cal
S0713,T2,367.0,226.0,46.0,343.0,176.0,train
S0714,PD,26221.0,1560.0,8.0,90.0,38.0,train
S0715,D1,1645.0,344.0,11.0,389.0,194.0,cal
S0716,PD,20274.0,1074.0,19.0,75.0,17.0,cal
S0717,PD,17134.0,1830.0,0.0,37.0,29.0,train
S0718,T3,1035.0,771.0,59.0,645.0,429.0,train
S0719,T2,581.0,353.0,14.0,350.0,79.0,train
S0720,D2,1241.274,892.132,1365.773,,617.598,train
S0721,T1,115.0,134.0,2.0,90.0,89.0,train
S0722,D2,9284.0,4531.0,11639.0,4318.0,185.0,test
S0723,T1,169.0,75.0,6.0,65.0,85.0,test
S0724,T1,147.0,64.0,9.0,,86.0,train
S0725,T3,1203.0,861.0,155.0,443.0,391.0,train
S0726,D1,336.0,741.0,760.0,,,cal
S0727,T3,1783.0,698.0,345.0,455.0,213.0,train
S0728,T3,1285.0,855.0,496.0,496.0,409.0,test
S0729,D2,6.3,52.2,39.1,38.8,46.8,train
S0730,T1,55.0,46.0,5.0,35.0,17.0,train
S0731,T3,1910.0,,,733.0,340.0,train
S0732,D1,512.0,920.0,489.0,372.0,143.0,train
S0733,PD,33898.0,1834.0,36.0,99.0,20.0,test
S0734,D1,475.0,730.0,527.0,494.0,11.0,train
S0735,PD,37143.0,1943.0,22.0,35.0,16.0,test
S0736,T3,1776.0,791.0,450.0,730.0,444.0,train
S0737,D2,0.85,0.0,35.592,40.873,0.2,test
S0738,T3,1272.0,693.0,165.0,779.0,220.0,train
S0739,T2,782.0,479.0,33.0,330.0,255.0,train
S0740,D1,1881.0,559.0,174.0,,190.0,train
S0741,D1,1633.0,372.0,733.0,581.0,12.0,cal
S0742,D1,1009.0,333.0,784.0,569.0,190.0,test
S0743,D1,295.0,910.0,617.0,34.0,146.0,train
S0744,T3,1086.0,561.0,374.0,695.0,,train
S0745,T2,460.0,257.0,44.0,147.0,253.0,train
S0746,T2,757.0,333.0,3.0,120.0,255.0,cal
S0747,T3,1883.0,859.0,399.0,405.0,478.0,train
S0748,PD,9793.0,462.0,21.0,0.0,35.0,cal
S0749,T3,1666.0,959.0,124.0,614.0,220.0,train
S0750,T1,26.0,54.0,3.0,97.0,87.0,train
S0751,T1,163.0,63.0,6.0,12.0,29.0,cal
S0752,T1,16.0,118.0,4.0,20.0,80.0,train
S0753,PD,30173.0,1973.0,12.0,21.0,41.0,train
S0754,D1,1675.0,669.0,704.0,642.0,133.0,train
S0755,D1,577.0,270.0,317.0,815.0,126.0,cal
S0756,PD,30890.0,822.0,8.0,,34.0,train
S0757,PD,,1998.0,40.0,97.0,49.0,cal
S0758,T2,506.0,348.0,16.0,174.0,98.0,train
S0759,T1,142.0,20.0,1.0,65.0,22.0,train
S0760,D1,1263.0,526.0,701.0,85.0,114.0,cal
S0761,T1,94.0,23.0,9.0,67.0,41.0,train
S0762,T3,1588.0,716.0,362.0,408.0,572.0,test
S0763,PD,26317.0,1151.0,,81.0,,train
S0764,T3,1971.0,546.0,497.0,467.0,255.0,train
S0765,PD,26487.0,,44.0,9.0,8.0,test
S0766,T1,28.0,11.0,0.0,92.0,27.0,cal
S0767,T1,155.0,94.0,9.0,82.0,72.0,cal
S0768,T2,638.0,480.0,34.0,191.0,295.0,train
S0769,T3,,939.0,257.0,682.0,258.0,test
S0770,D1,,815.0,74.0,588.0,114.0,test
S0771,T1,103.0,35.0,5.0,48.0,85.0,cal
S0772,T3,1647.0,934.0,251.0,422.0,313.0,train
S0773,T1,82.0,48.0,9.0,97.0,,cal
S0774,D1,890.0,138.0,157.0,337.0,108.0,train
S0775,PD,33772.0,1224.0,33.0,74.0,9.0,test
S0776,T2,351.0,228.0,9.0,,,train
S0777,T2,599.0,397.0,15.0,199.0,222.0,train
S0778,D1,1552.0,203.0,388.0,199.0,136.0,train
S0779,T2,510.0,303.0,4.0,280.0,54.0,cal
S0780,D1,1184.0,360.0,28.0,159.0,193.0,test
S0781,PD,28764.0,993.0,12.0,7.0,47.0,train
S0782,PD,22847.0,911.0,15.0,93.0,7.0,train
S0783,PD,22176.0,473.0,46.0,30.0,7.0,test
S0784,T2,259.0,257.0,47.0,316.0,97.0,train
S0785,D2,,95.507,102.024,81.642,16.135,test
S0786,D2,1089.741,65.097,84.337,76.25,16.459,train
S0787,D1,1954.0,861.0,212.0,841.0,24.0,train
S0788,T3,,975.0,443.0,,509.0,test
S0789,PD,17561.0,811.0,9.0,28.0,9.0,cal
S0790,D2,92.58,36.32,40.58,39.71,6.16,test
S0791,PD,29809.0,1854.0,37.0,36.0,2.0,train
S0792,T2,600.0,154.0,17.0,322.0,139.0,train
S0793,D1,1802.0,584.0,793.0,618.0,134.0,train
S0794,T3,1636.0,600.0,418.0,705.0,551.0,train
S0795,D2,928.402,0.0,0.12,0.2,11.294,test
S0796,D1,499.0,236.0,509.0,876.0,106.0,test
S0797,T1,122.0,79.0,7.0,,18.0,train
S0798,D2,23.4,14.3,3.44,9.71,7.12,train
S0799,D2,422.261,92.598,38.732,47.221,12.914,train
S0800,T1,165.0,87.0,4.0,,66.0,train
S0801,D1,1154.0,295.0,442.0,505.0,117.0,test
S0802,PD,23209.0,201.0,24.0,79.0,,train
S0803,PD,5625.0,1679.0,25.0,50.0,5.0,cal
S0804,PD,20810.0,468.0,7.0,40.0,22.0,train
S0805,PD,23303.0,1529.0,22.0,35.0,22.0,test
S0806,D1,68.0,8.0,11.0,8.0,3.0,cal
S0807,PD,38718.0,1541.0,5.0,21.0,17.0,train
S0808,PD,5560.0,1658.0,17.0,48.0,44.0,train
S0809,D1,500.0,399.0,17.0,352.0,75.0,train
S0810,PD,28590.0,299.0,0.0,10.0,41.0,train
S0811,T1,93.0,149.0,1.0,39.0,48.0,train
S0812,PD,17962.0,944.0,,48.0,15.0,cal
S0813,PD,27106.0,1274.0,7.0,59.0,36.0,train
S0814,T1,129.0,105.0,0.0,22.0,30.0,train
S0815,T3,1407.0,676.0,451.0,637.0,414.0,cal
S0816,D2,6518.0,4044.0,3342.0,7356.0,108.0,test
S0817,PD,30402.0,937.0,24.0,59.0,,train
S0818,D2,9073.0,4608.0,11818.0,2660.0,262.0,test
S0819,T3,1088.0,935.0,148.0,461.0,370.0,train
S0820,T1,23.0,55.0,9.0,21.0,28.0,train
S0821,T3,1061.0,560.0,437.0,733.0,382.0,train
S0822,PD,30479.0,888.0,,5.0,22.0,train
S0823,T2,745.0,441.0,7.0,260.0,267.0,test
S0824,D1,412.0,662.0,755.0,488.0,67.0,train
S0825,PD,24124.0,267.0,26.0,46.0,32.0,cal
S0826,T1,166.0,135.0,8.0,69.0,9.0,train
S0827,T2,432.0,294.0,28.0,136.0,227.0,train
S0828,T1,1507.891,3982.046,8.742,95.273,224.845,train
S0829,D1,,174.0,684.0,976.0,,cal
S0830,T1,138.0,12.0,6.0,54.0,,train
S0831,T2,544.0,337.0,34.0,381.0,121.0,train
S0832,D1,1840.0,,644.0,173.0,,test
S0833,D1,1857.0,774.0,307.0,950.0,169.0,train
S0834,T1,137.0,112.0,7.0,37.0,63.0,train
S0835,D2,13137.0,4696.0,6376.0,4712.0,173.0,cal
S0836,T3,1223.0,708.0,240.0,493.0,528.0,test
S0837,T1,139.0,89.0,4.0,56.0,22.0,train
S0838,T2,413.0,313.0,44.0,397.0,259.0,cal
S0839,PD,13361.0,1520.0,45.0,74.0,,train
S0840,T1,124.0,30.0,6.0,21.0,55.0,cal
S0841,PD,21613.0,530.0,19.0,59.0,36.0,train
S0842,D2,45250.417,1111.216,6187.302,3217.845,638.339,train
S0843,D2,442.846,29.935,38.334,30.836,9.228,test
S0844,PD,,1495.0,,8.0,34.0,train
S0845,PD,15114.0,1455.0,29.0,4.0,27.0,test
S0846,D2,1853.517,70.113,83.348,40.173,0.2,train
S0847,D1,222.0,978.0,521.0,203.0,29.0,train
S0848,D1,364.0,293.0,316.0,697.0,29.0,train
S0849,T2,483.0,198.0,13.0,349.0,76.0,train
S0850,T1,162.0,110.0,8.0,49.0,73.0,train
S0851,D2,13099.0,3296.0,9915.0,2113.0,128.0,test
S0852,PD,14537.0,1592.0,17.0,81.0,40.0,train
S0853,T2,403.0,405.0,37.0,161.0,239.0,train
S0854,T2,548.0,318.0,17.0,177.0,78.0,cal
S0855,PD,20039.0,329.0,16.0,86.0,46.0,train
S0856,T2,211.0,180.0,46.0,193.0,212.0,train
S0857,PD,10883.0,1656.0,34.0,59.0,,train
S0858,D2,23.0,7.9,0.0,1.5,1.0,train
S0859,PD,34541.0,736.0,0.0,34.0,6.0,train
S0860,PD,10327.0,1103.0,38.0,62.0,41.0,cal
S0861,T1,154.0,85.0,5.0,59.0,77.0,train
S0862,PD,38755.0,1239.0,9.0,44.0,16.0,train
S0863,T2,548.0,274.0,46.0,133.0,52.0,train
S0864,D1,1130.0,693.0,702.0,363.0,37.0,cal
S0865,PD,23397.0,707.0,8.0,35.0,49.0,train
S0866,T1,179.0,54.0,7.0,61.0,94.0,test
S0867,D1,569.0,825.0,197.0,363.0,67.0,train
S0868,T2,460.0,474.0,39.0,245.0,117.0,train
S0869,PD,18734.0,1718.0,38.0,38.0,5.0,test
S0870,T1,114.0,107.0,8.0,26.0,68.0,train
S0871,PD,23935.0,1015.0,38.0,15.0,18.0,train
S0872,PD,26907.0,983.0,20.0,13.0,7.0,train
S0873,D2,6547.0,2467.0,7513.0,7002.0,172.0,test
S0874,PD,10635.0,1123.0,10.0,97.0,11.0,train
S0875,PD,31744.0,1384.0,26.0,86.0,43.0,train
S0876,T2,399.0,166.0,37.0,108.0,80.0,cal
S0877,PD,16812.0,1893.0,39.0,50.0,12.0,train
S0878,T2,336.0,424.0,35.0,118.0,125.0,train
S0879,D1,660.0,297.0,,404.0,175.0,cal
S0880,T1,,44.0,1.0,85.0,24.0,train
S0881,D1,1651.0,586.0,619.0,363.0,53.0,train
S0882,PD,32784.0,354.0,10.0,41.0,47.0,train
S0883,PD,35167.0,827.0,32.0,84.0,48.0,cal
S0884,PD,19286.0,1630.0,29.0,36.0,48.0,test
S0885,D1,1694.0,824.0,53.0,456.0,197.0,train
S0886,T1,65.0,19.0,4.0,50.0,64.0,train
S0887,T1,170.0,61.0,4.0,70.0,13.0,train
S0888,PD,24771.0,1566.0,41.0,96.0,37.0,test
S0889,T1,26.0,30.0,9.0,91.0,60.0,train
S0890,D2,165.33,0.0,14.125,19.099,18.637,test
S0891,PD,35162.0,289.0,32.0,46.0,10.0,train
S0892,T1,55.0,16.0,8.0,8.0,24.0,train
S0893,T3,913.0,772.0,319.0,489.0,541.0,test
S0894,D2,6922.0,1654.0,4264.0,4574.0,485.0,train
S0895,T1,142.0,128.0,0.0,68.0,33.0,train
S0896,T1,114.0,101.0,7.0,52.0,62.0,train
S0897,D1,,746.0,648.0,,146.0,train
S0898,PD,8068.0,773.0,29.0,41.0,41.0,train
S0899,D1,242.0,692.0,409.0,413.0,11.0,train
S0900,PD,7609.0,1709.0,37.0,1.0,3.0,train
S0901,T3,1314.0,626.0,405.0,553.0,381.0,train
S0902,T1,120.0,116.0,5.0,61.0,28.0,train
S0903,PD,6870.0,749.0,42.0,7.0,4.0,cal
S0904,T3,1787.0,658.0,497.0,513.0,308.0,train
S0905,PD,38760.0,1002.0,26.0,60.0,39.0,test
S0906,T3,1168.0,750.0,408.0,761.0,531.0,train
S0907,T2,666.0,490.0,39.0,397.0,85.0,test
S0908,T2,330.0,492.0,48.0,319.0,274.0,cal
S0909,D2,0.85,0.0,0.12,0.2,0.2,test
S0910,D2,502.821,0.0,14.908,26.007,0.2,cal
S0911,D2,88.805,33.997,30.346,35.933,16.852,train
S0912,D1,,,668.0,889.0,23.0,train
S0913,PD,19271.0,1360.0,16.0,45.0,9.0,cal
S0914,T2,567.0,171.0,8.0,,,test
S0915,PD,26604.0,1957.0,22.0,43.0,46.0,cal
S0916,PD,27210.0,1230.0,33.0,51.0,33.0,test
S0917,T1,115.0,40.0,4.0,13.0,52.0,cal
S0918,T1,29.0,67.0,0.0,13.0,47.0,train
S0919,PD,7164.0,464.0,34.0,99.0,43.0,train
S0920,T2,731.0,462.0,3.0,284.0,129.0,cal
S0921,D2,1492.57,56.788,46.376,299.842,58.266,train
S0922,PD,10833.0,284.0,30.0,36.0,11.0,cal
S0923,T2,460.0,384.0,21.0,395.0,147.0,train
S0924,T2,329.0,,,68.5,4.01,train
S0925,PD,18024.0,997.0,9.0,50.0,15.0,train
S0926,PD,7790.0,1806.0,22.0,28.0,8.0,train
S0927,T3,940.0,955.0,313.0,715.0,286.0,train
S0928,PD,17806.0,1217.0,43.0,49.0,40.0,train
S0929,D2,443.461,44.143,0.12,0.2,17.929,test
S0930,T2,383.0,384.0,,291.0,205.0,train
S0931,T2,464.0,467.0,45.0,224.0,178.0,test
S0932,D1,639.0,498.0,594.0,497.0,,train
S0933,D1,1417.0,554.0,536.0,,176.0,train
S0934,D2,1204.267,157.551,722.417,547.671,31.187,cal
S0935,D2,2770.0,,763.0,712.0,54.0,train
S0936,T1,69.0,74.0,6.0,92.0,31.0,train
S0937,T3,1392.0,561.0,409.0,498.0,368.0,train
S0938,PD,10129.0,314.0,43.0,94.0,3.0,train
S0939,T2,706.0,302.0,3.0,284.0,96.0,cal
S0940,T2,508.0,203.0,11.0,251.0,210.0,train
S0941,PD,36554.0,756.0,46.0,45.0,23.0,train
S0942,PD,34200.0,925.0,28.0,64.0,33.0,train
S0943,T1,72.0,91.0,2.0,86.0,42.0,train
S0944,PD,21261.0,1176.0,34.0,58.0,46.0,train
S0945,D1,1398.0,701.0,550.0,825.0,155.0,train
S0946,T1,43.0,47.0,3.0,90.0,37.0,cal
S0947,D2,410.0,120.0,250.0,,18.0,train
S0948,T3,1103.0,554.0,479.0,434.0,292.0,cal
S0949,T2,529.0,321.0,21.0,187.0,,train
S0950,D1,1131.0,177.0,724.0,66.0,133.0,train
S0951,D2,12804.0,3567.0,3665.0,2409.0,368.0,cal
S0952,T1,177.0,88.0,6.0,30.0,70.0,train
S0953,D1,1819.0,270.0,382.0,810.0,63.0,test
S0954,T1,68.0,29.0,8.0,96.0,,train
S0955,T1,171.0,82.0,8.0,28.0,76.0,train
S0956,T1,96.0,84.0,8.0,8.0,40.0,train
S0957,T2,600.0,482.0,44.0,111.0,295.0,train
S0958,T2,779.0,313.0,47.0,109.0,85.0,train
S0959,D1,1868.0,231.0,54.0,943.0,161.0,train
S0960,T3,1299.0,871.0,246.0,493.0,363.0,train
S0961,T1,188.0,86.0,5.0,84.0,67.0,cal
S0962,T2,426.0,343.0,45.0,188.0,176.0,train
S0963,PD,27025.0,1983.0,,43.0,25.0,train
S0964,D1,,498.0,683.0,52.0,47.0,test
S0965,T1,188.0,140.0,3.0,57.0,12.0,train
S0966,T1,149.0,30.0,8.0,43.0,58.0,train
S0967,D2,14375.0,2907.0,,6061.0,242.0,train
S0968,T1,67.0,107.0,0.0,28.0,59.0,cal
S0969,D2,23.0233,12.0046,61.8213,12.0,10.0593,test
S0970,T2,312.0,218.0,17.0,361.0,76.0,train
S0971,T1,48.0,101.0,5.0,66.0,7.0,cal
S0972,PD,6499.0,1619.0,22.0,52.0,7.0,train
S0973,PD,34190.0,1964.0,28.0,82.0,2.0,test
S0974,D2,784.871,134.291,491.224,353.936,23.549,test
S0975,D2,521761.082,15996.3,8933.658,5208.114,95.884,cal
S0976,T1,,23.0,,47.0,40.0,cal
S0977,PD,31869.0,276.0,19.0,15.0,7.0,cal
S0978,PD,587.407,39.919,0.12,14.849,19.002,cal
S0979,PD,38067.0,236.0,,22.0,37.0,train
S0980,T3,1359.0,829.0,257.0,568.0,415.0,train
S0981,D1,1596.0,589.0,493.0,669.0,171.0,train
S0982,T2,471.0,200.0,33.0,250.0,166.0,cal
S0983,PD,36050.0,915.0,28.0,98.0,44.0,train
S0984,T2,300.0,450.0,42.0,399.0,170.0,train
S0985,T2,269.0,237.0,45.0,310.0,217.0,train
S0986,PD,9666.0,1250.0,6.0,72.0,41.0,cal
S0987,T3,1192.0,774.0,413.0,519.0,284.0,cal
S0988,T2,600.0,482.0,26.0,265.0,235.0,cal
S0989,T1,159.0,115.0,0.0,39.0,82.0,cal
S0990,PD,16398.0,802.0,36.0,11.0,9.0,train
S0991,D1,1531.0,820.0,347.0,552.0,113.0,train
S0992,T3,823.0,661.0,105.0,752.0,381.0,test
S0993,T1,41.0,100.0,1.0,66.0,79.0,train
S0994,D2,449.711,53.784,9.77,8.272,6.069,train
S0995,PD,10493.0,1683.0,16.0,93.0,2.0,cal
S0996,T1,32.0,,9.0,80.0,,train
S0997,D1,298.0,414.0,685.0,271.0,14.0,test
S0998,D1,1250.0,,596.0,974.0,46.0,train
S0999,T2,447.0,476.0,30.0,377.0,74.0,train
S1000,T2,239.0,479.0,41.0,103.0,295.0,cal
S1001,D1,178.0,92.0,338.0,567.0,140.0,cal
S1002,T1,143.0,114.0,8.0,29.0,74.0,train
S1003,T1,54.0,,8.0,5.0,48.0,train
S1004,T3,1303.0,951.0,353.0,587.0,543.0,train
S1005,T3,1473.0,809.0,363.0,742.0,303.0,train
S1006,D1,107.0,619.0,174.0,842.0,23.0,train
S1007,D2,58.88,11.96,10.26,7.52,1.05,train
S1008,T1,52.0,148.0,5.0,33.0,43.0,train
S1009,T3,1870.0,795.0,431.0,513.0,596.0,test
S1010,PD,24090.0,660.0,42.0,74.0,14.0,train
S1011,T1,108.0,8.0,2.0,68.0,6.0,train
S1012,D1,541.0,866.0,544.0,,142.0,train
S1013,T1,98.0,104.0,1.0,99.0,91.0,train
S1014,T2,343.0,362.0,32.0,293.0,97.0,train
S1015,D2,0.0,19.66,0.0,30.37,9.98,train
S1016,T3,1800.0,517.0,173.0,646.0,271.0,train
S1017,T1,17.0,15.0,6.0,39.0,32.0,train
S1018,D2,432579.174,1131.867,5875.74,3244.405,7416.42,train
S1019,D1,183.517,6.65,265.693,0.2,17.906,cal
S1020,PD,28954.0,318.0,25.0,19.0,12.0,train
S1021,T3,1174.0,881.0,315.0,780.0,447.0,test
S1022,D2,138.8,52.2,9.55,62.8,6.77,train
S1023,T3,1157.0,886.0,325.0,415.0,484.0,train
S1024,T1,31.0,47.0,6.0,48.0,38.0,test
S1025,T1,90.0,103.0,9.0,11.0,94.0,test
S1026,D1,851.0,846.0,729.0,283.0,186.0,train
S1027,D2,673.5,36.581,33.03,86.895,0.2,train
S1028,T2,266.0,431.0,39.0,268.0,227.0,train
S1029,D1,337.0,505.0,497.0,892.0,164.0,train
S1030,T1,54.0,136.0,1.0,62.0,33.0,train
S1031,D2,622.3,163.1,,181.7,447.9,cal
S1032,D2,33.07,3.25,0.0,0.84,0.49,train
S1033,T1,171.0,119.0,9.0,48.0,43.0,train
S1034,T3,842.0,998.0,386.0,447.0,283.0,train
S1035,T2,756.0,217.0,45.0,290.0,166.0,train
S1036,T2,734.0,200.0,45.0,168.0,79.0,train
S1037,T3,,606.0,375.0,593.0,401.0,train
S1038,T3,1746.0,811.0,222.0,693.0,,train
S1039,T1,103.0,56.0,8.0,,42.0,train
S1040,PD,9564.0,1906.0,12.0,29.0,49.0,train
S1041,D2,38894.454,3970.098,5267.033,2749.222,58.107,test
S1042,T2,681.0,182.0,24.0,268.0,153.0,cal
S1043,D2,282.0,153.0,312.0,251.0,20.0,train
S1044,T2,261.0,213.0,17.0,165.0,101.0,train
S1045,PD,29938.0,1020.0,44.0,73.0,45.0,train
S1046,PD,5323.0,1997.0,6.0,39.0,20.0,train
S1047,T1,121.0,142.0,3.0,9.0,14.0,train
S1048,T3,1955.0,502.0,,771.0,431.0,cal
S1049,D2,2251.0,2159.0,1849.0,6055.0,887.0,test
S1050,D1,972.436,14.272,1.582,0.2,8.52,train
S1051,T3,1059.0,506.0,346.0,454.0,251.0,train
S1052,D1,801.329,9.945,44.926,9.193,7.444,train
S1053,D1,1405.0,681.0,449.0,735.0,43.0,train
S1054,T1,43.0,15.0,3.0,92.0,60.0,train
S1055,T1,48.0,134.0,1.0,24.0,24.0,train
S1056,D2,707.583,5.576,0.12,0.2,0.2,test
S1057,T3,1512.0,915.0,345.0,534.0,545.0,cal
S1058,D1,1534.0,91.0,153.0,113.0,139.0,train
S1059,T1,16.9,3.2,0.0,1.26,1.29,test
S1060,D1,159.0,430.0,99.0,509.0,108.0,test
S1061,PD,39058.0,356.0,39.0,29.0,18.0,train
S1062,PD,24719.0,1103.0,1.0,11.0,4.0,train
S1063,D2,2853.825,983.643,646.452,1578.328,74.405,train
S1064,PD,23329.0,1741.0,13.0,11.0,8.0,train
S1065,T3,1940.0,611.0,313.0,572.0,300.0,test
S1066,T1,150.0,30.0,6.0,20.0,12.0,train
S1067,T1,155.0,22.0,7.0,63.0,54.0,cal
S1068,T1,72.0,71.0,0.0,30.0,78.0,cal
S1069,T3,1131.0,,487.0,772.0,333.0,test
S1070,D1,1832.0,665.0,327.0,733.0,147.0,train
S1071,PD,8904.0,1135.0,48.0,69.0,9.0,test
S1072,PD,31380.0,1294.0,9.0,73.0,19.0,train
S1073,T1,30.0,22.0,9.0,14.0,74.0,cal
S1074,T3,1807.0,915.0,195.0,635.0,374.0,train
S1075,T1,,42.0,4.0,99.0,40.0,train
S1076,PD,15257.0,1552.0,28.0,46.0,13.0,train
S1077,T1,57.0,,7.0,49.0,38.0,train
S1078,D1,1935.0,71.0,82.0,200.0,133.0,train
S1079,T1,158.0,134.0,1.0,10.0,45.0,train
S1080,T1,29.0,46.0,1.0,5.0,13.0,train
S1081,D1,1612.0,73.0,17.0,259.0,113.0,cal
S1082,D2,6456.0,4460.0,3193.0,5243.0,404.0,train
S1083,D2,678.219,44.515,6.667,16.634,0.2,train
S1084,PD,10665.0,1919.0,35.0,,17.0,cal
S1085,D2,21.0,1.3,0.0,0.6,0.3,train
S1086,T2,461.0,265.0,28.0,392.0,,train
S1087,T2,278.0,332.0,39.0,294.0,225.0,cal
S1088,T1,175.0,24.0,8.0,60.0,72.0,train
S1089,T1,17.0,146.0,9.0,64.0,70.0,cal
S1090,PD,12755.0,604.0,11.0,77.0,26.0,train
S1091,T2,426.0,342.0,31.0,183.0,169.0,train
S1092,D1,1861.0,310.0,315.0,512.0,87.0,cal
S1093,T1,132.0,90.0,0.0,68.0,77.0,train
S1094,T1,20.0,109.0,8.0,40.0,37.0,train
S1095,T1,97.0,24.0,3.0,86.0,77.0,train
S1096,T1,175.0,94.0,1.0,85.0,97.0,cal
S1097,T2,450.0,180.0,25.0,130.0,237.0,cal
S1098,T1,74.0,33.0,0.0,91.0,21.0,train
S1099,T2,753.0,150.0,16.0,378.0,276.0,test
S1100,D2,,4429.0,9972.0,,479.0,test
S1101,D2,529.039,50.68,44.571,89.296,20.605,train
S1102,D2,1442.354,554.838,1627.14,2997.009,51.918,train
S1103,D1,,316.0,602.0,276.0,71.0,train
S1104,PD,8745.0,350.0,15.0,98.0,49.0,cal
S1105,PD,10196.0,770.0,30.0,63.0,12.0,train
S1106,D1,544.969,64.688,19.352,0.2,19.432,train
S1107,D1,890.0,984.0,407.0,827.0,169.0,train
S1108,PD,39974.0,316.0,18.0,64.0,49.0,train
S1109,T1,194.0,23.0,9.0,79.0,49.0,train
S1110,T3,1087.0,514.0,457.0,674.0,453.0,train
S1111,T1,,85.0,0.0,59.0,37.0,test
S1112,T1,98.0,47.0,8.0,20.0,48.0,test
S1113,D1,4670.0,3500.0,2560.0,5040.0,2120.0,test
S1114,PD,7762.0,1291.0,1.0,24.0,20.0,train
S1115,T1,52.0,118.0,0.0,99.0,,train
S1116,T2,382.0,364.0,35.0,,122.0,train
S1117,T3,1779.0,686.0,260.0,742.0,307.0,cal
S1118,PD,14102.0,1034.0,35.0,,29.0,test
S1119,PD,,1019.0,1.0,54.0,2.0,train
S1120,D2,8682.0,2391.0,11515.0,6924.0,437.0,train
S1121,T3,921.0,773.0,406.0,668.0,567.0,train
S1122,T2,,477.0,18.0,243.0,289.0,train
S1123,T1,77.0,48.0,2.0,14.0,80.0,train
S1124,T3,1751.0,595.0,300.0,533.0,280.0,cal
S1125,D2,110.0,62.0,250.0,140.0,90.0,train
S1126,PD,18050.0,359.0,28.0,4.0,36.0,train
S1127,T1,51.56,11.56,0.0,2.89,2.12,train
S1128,D1,840.0,561.0,10.0,958.0,58.0,train
S1129,D2,881.465,36.475,7.073,27.727,15.966,train
S1130,D2,9470.0,1999.0,4144.0,5653.0,350.0,cal
S1131,T3,1768.0,741.0,393.0,602.0,246.0,train
S1132,D2,102.4,31.4,13.57,22.6,10.36,train
S1133,D1,345.0,112.25,58.75,51.5,27.5,train
S1134,T1,187.0,84.0,1.0,28.0,76.0,cal
S1135,D2,961.857,0.0,0.12,0.2,17.69,test
S1136,D1,4.1,3.5,5.2,1.2,0.68,test
S1137,PD,20480.0,272.0,13.0,51.0,29.0,train
S1138,D1,674.0,485.0,762.0,67.0,148.0,train
S1139,T3,1970.0,595.0,,488.0,257.0,cal
S1140,T1,187.0,52.0,5.0,13.0,41.0,train
S1141,D1,176.0,205.9,68.7,75.7,47.7,test
S1142,T3,1469.0,915.0,52.0,466.0,231.0,cal
S1143,PD,25328.0,1028.0,8.0,85.0,22.0,train
S1144,D2,987.989,150.796,968.259,358.527,40.897,test
S1145,T3,1358.0,640.0,211.0,403.0,542.0,train
S1146,T3,1886.0,864.0,287.0,492.0,274.0,cal
S1147,D2,0.85,0.0,0.12,0.2,0.2,train
S1148,D1,544.0,78.0,680.0,247.0,49.0,train
S1149,PD,11497.0,425.0,20.0,56.0,8.0,train
S1150,D1,1160.0,50.0,768.0,256.0,90.0,train
S1151,PD,32490.0,1656.0,38.0,98.0,42.0,test
S1152,T1,140.0,58.0,1.0,84.0,90.0,cal
S1153,D2,559.037,52.791,74.376,78.517,0.2,train
S1154,T2,560.0,421.0,22.0,284.0,,cal
S1155,T3,1573.0,521.0,418.0,771.0,267.0,cal
S1156,D2,546.226,76.242,100.896,101.422,0.2,train
S1157,D2,210.021,100.333,92.861,83.165,13.331,test
S1158,PD,38972.0,1813.0,37.0,37.0,28.0,train
S1159,T1,70.0,131.0,3.0,85.0,95.0,train
S1160,T2,581.0,458.0,10.0,168.0,186.0,train
S1161,PD,14224.0,1915.0,17.0,3.0,45.0,cal
S1162,PD,,408.0,0.0,56.0,35.0,test
S1163,T3,1525.0,516.0,133.0,714.0,484.0,cal
S1164,T1,75.0,80.0,3.0,47.0,10.0,train
S1165,D1,1560.0,761.0,711.0,901.0,176.0,train
S1166,T1,109.0,117.0,7.0,11.0,99.0,train
S1167,D2,439.868,42.999,40.466,47.147,0.2,cal
S1168,T3,1246.0,821.0,335.0,580.0,273.0,train
S1169,D2,11956.0,4650.0,7296.0,4531.0,414.0,cal
S1170,T2,,414.0,43.0,138.0,151.0,train
S1171,T3,1618.0,538.0,144.0,478.0,291.0,test
S1172,D1,471.0,589.0,545.0,41.0,183.0,train
S1173,PD,35728.0,942.0,3.0,29.0,33.0,train
S1174,D1,686.0,113.0,,572.0,66.0,train
S1175,T3,828.0,602.0,322.0,619.0,509.0,train
S1176,D1,1981.0,538.0,230.0,991.0,82.0,train
S1177,D1,1015.0,136.0,325.0,270.0,154.0,train
S1178,D1,1510.0,455.0,287.0,,112.0,train
S1179,PD,30597.0,321.0,20.0,90.0,28.0,cal
S1180,T1,150.0,103.0,1.0,19.0,55.0,train
S1181,T2,574.0,456.0,42.0,212.0,134.0,cal
S1182,T1,170.0,34.0,0.0,75.0,20.0,train
S1183,T3,1241.0,817.0,342.0,,381.0,test
S1184,PD,22133.0,563.0,32.0,67.0,24.0,train
S1185,T1,55.0,104.0,8.0,33.0,75.0,train
S1186,T1,197.0,49.0,6.0,10.0,18.0,cal
S1187,T1,74.0,,7.0,58.0,85.0,cal
S1188,D2,12384.0,4114.0,9427.0,6793.0,146.0,train
S1189,T3,1739.0,981.0,420.0,783.0,546.0,train
S1190,T1,96.0,16.0,9.0,97.0,89.0,train
S1191,PD,8043.0,989.0,5.0,80.0,11.0,train
S1192,T1,121.0,48.0,3.0,30.0,59.0,cal
S1193,T3,1041.0,993.0,262.0,469.0,297.0,train
S1194,T3,1640.0,549.0,266.0,,331.0,test
S1195,D2,446.0,93.0,637.0,145.0,7.0,cal
S1196,D1,774.0,66.0,81.0,95.0,91.0,cal
S1197,D2,619.416,122.565,143.64,87.079,0.2,train
S1198,T2,752.0,444.0,48.0,289.0,79.0,test
S1199,D1,1335.0,555.0,61.0,309.0,185.0,train
S1200,D1,422.0,267.0,133.0,804.0,34.0,cal
S1201,T1,197.0,76.0,9.0,9.0,17.0,test
S1202,T1,170.0,86.0,0.0,24.0,42.0,cal
S1203,D2,978.282,70.173,105.256,66.692,7.385,test
S1204,D1,769.0,566.0,476.0,732.0,30.0,train
S1205,D1,,142.0,231.0,236.0,,test
S1206,T2,592.0,484.0,0.0,342.0,246.0,train
S1207,T3,1791.0,553.0,,590.0,581.0,train
S1208,T1,85.0,91.0,7.0,98.0,55.0,test
S1209,D2,1850.545,,994.087,1818.947,74.189,cal
S1210,PD,38322.0,380.0,20.0,0.0,42.0,train
S1211,D2,1360.693,360.914,774.966,1358.194,698.63,train
S1212,T1,55.0,58.0,3.0,76.0,34.0,cal
S1213,D2,398.556,65.812,76.845,115.727,0.2,test
S1214,PD,23332.0,942.0,2.0,79.0,23.0,train
S1215,D2,6759.0,1206.0,10939.0,,103.0,train
S1216,T3,1162.0,570.0,484.0,706.0,347.0,cal
S1217,D1,1162.0,576.0,745.0,987.0,129.0,test
S1218,D1,389.0,583.0,303.0,947.0,49.0,train
S1219,PD,36403.0,1971.0,41.0,92.0,13.0,cal
S1220,D2,1.168,0.0,0.12,0.2,0.2,train
S1221,T1,154.0,147.0,6.0,16.0,96.0,train
S1222,D2,84.817,37.489,31.233,40.334,13.204,test
S1223,T1,131.0,101.0,8.0,14.0,94.0,train
S1224,PD,12376.0,452.0,27.0,69.0,9.0,train
S1225,T3,1580.0,558.0,260.0,662.0,426.0,cal
S1226,T1,56.0,50.0,7.0,37.0,80.0,train
S1227,T1,36.0,23.0,8.0,9.0,87.0,train
S1228,D2,12435.0,4779.0,5119.0,6899.0,409.0,cal
S1229,T2,787.0,377.0,14.0,126.0,218.0,train
S1230,T3,,706.0,197.0,718.0,485.0,test
S1231,PD,38834.0,299.0,37.0,,27.0,train
S1232,T1,159.0,131.0,1.0,31.0,32.0,train
S1233,T3,1436.0,886.0,236.0,456.0,300.0,train
S1234,PD,15333.0,470.0,1.0,21.0,18.0,cal
S1235,T2,423.0,250.0,29.0,173.0,257.0,train
S1236,T3,1449.0,736.0,251.0,666.0,580.0,train
S1237,D1,145.0,857.0,,376.0,138.0,train
S1238,T1,169.0,39.0,3.0,22.0,26.0,train
S1239,T1,154.0,77.0,8.0,18.0,60.0,cal
S1240,D2,1530.031,66.064,109.692,108.519,0.2,test
S1241,T3,1135.0,868.0,286.0,756.0,241.0,train
S1242,PD,12841.0,1572.0,39.0,94.0,36.0,test
S1243,T2,580.0,252.0,4.0,224.0,291.0,train
S1244,PD,13778.0,1449.0,48.0,41.0,29.0,test
S1245,PD,20392.0,405.0,49.0,11.0,31.0,train
S1246,T1,44.0,93.0,2.0,81.0,76.0,test
S1247,T2,762.0,469.0,18.0,297.0,80.0,train
S1248,D1,433.0,715.0,687.0,220.0,90.0,cal
S1249,PD,37823.0,545.0,34.0,8.0,32.0,train
S1250,T2,645.0,159.0,39.0,282.0,107.0,train
S1251,D2,992.66,58.739,,5.775,0.2,train
S1252,D2,1136.082,21.62,43.491,39.666,17.751,test
S1253,T1,166.0,61.0,4.0,30.0,55.0,cal
S1254,T2,563.0,224.0,18.0,256.0,278.0,train
S1255,D1,675.0,948.0,107.0,607.0,8.0,train
S1256,T1,61.0,52.0,6.0,18.0,27.0,train
S1257,D1,802.0,843.0,211.0,744.0,38.0,test
S1258,D1,709.0,803.0,400.0,221.0,122.0,train
S1259,D1,1465.0,82.0,309.0,693.0,10.0,train
S1260,PD,9812.0,471.0,35.0,53.0,41.0,test
S1261,PD,26274.0,783.0,19.0,39.0,20.0,train
S1262,D2,9994.0,1186.0,4138.0,4326.0,371.0,train
S1263,PD,10567.0,1543.0,8.0,58.0,45.0,train
S1264,T1,26.0,45.0,9.0,61.0,90.0,train
S1265,D2,10.0,7.2,8.7,4.7,1.2,test
S1266,T3,822.0,980.0,352.0,518.0,268.0,train
S1267,D1,1920.0,989.0,742.0,158.0,55.0,train
S1268,T1,138.0,49.0,5.0,83.0,47.0,train
S1269,D1,677.0,612.0,220.0,333.0,166.0,cal
S1270,D2,,25.359,19.404,65.171,12.839,cal
S1271,T1,193.0,132.0,6.0,47.0,33.0,cal
S1272,T2,436.0,469.0,8.0,205.0,235.0,train
S1273,PD,24770.0,1920.0,36.0,65.0,36.0,cal
S1274,T1,136.0,135.0,5.0,26.0,19.0,cal
S1275,D2,438.045,162.291,26.774,81.152,12.975,cal
S1276,D1,,659.0,331.0,80.0,120.0,train
S1277,PD,38628.0,1786.0,16.0,90.0,37.0,train
S1278,T1,15.0,115.0,6.0,30.0,96.0,train
S1279,D2,13740.0,4892.0,11972.0,7268.0,299.0,test
S1280,D1,654.0,467.0,124.0,938.0,107.0,test
S1281,D2,10833.0,2730.0,9041.0,5414.0,451.0,train
S1282,D1,1014.0,948.0,256.0,,175.0,cal
S1283,T3,1807.0,631.0,271.0,414.0,474.0,cal
S1284,PD,36811.0,335.0,26.0,47.0,1.0,train
S1285,PD,10290.0,922.0,5.0,16.0,37.0,train
S1286,T2,774.0,179.0,0.0,257.0,165.0,train
S1287,T3,1907.0,857.0,236.0,534.0,244.0,test
S1288,T1,112.0,126.0,6.0,11.0,30.0,train
S1289,T1,94.0,127.0,5.0,18.0,50.0,train
S1290,T3,1880.0,973.0,,652.0,289.0,test
S1291,PD,13725.0,598.0,5.0,21.0,7.0,train
S1292,T1,135.0,134.0,8.0,36.0,77.0,test
S1293,T1,167.0,56.0,1.0,96.0,25.0,train
S1294,T3,1315.0,599.0,281.0,733.0,595.0,test
S1295,T2,209.0,432.0,48.0,,88.0,test
S1296,D1,1777.0,543.0,640.0,,124.0,test
S1297,PD,5614.0,753.0,20.0,83.0,46.0,train
S1298,PD,24073.0,826.0,48.0,69.0,7.0,test
S1299,D1,1351.0,305.0,279.0,566.0,152.0,train
S1300,T3,1854.0,816.0,275.0,,379.0,train
S1301,T3,1927.0,972.0,195.0,597.0,371.0,train
S1302,T2,771.0,296.0,38.0,298.0,195.0,cal
S1303,D1,1406.0,402.0,246.0,473.0,65.0,train
S1304,T1,91.0,85.0,7.0,55.0,20.0,cal
S1305,D1,964.0,214.0,265.0,94.0,110.0,train
S1306,PD,6936.0,497.0,39.0,35.0,48.0,train
S1307,T2,510.0,290.0,46.0,286.0,150.0,train
S1308,T2,401.0,195.0,39.0,396.0,290.0,train
S1309,PD,28564.0,1880.0,39.0,43.0,15.0,train
S1310,T1,39.0,69.0,7.0,26.0,36.0,cal
S1311,T3,1088.0,717.0,93.0,715.0,380.0,test
S1312,D1,146.0,128.0,317.0,436.0,180.0,cal
S1313,D2,317.981,,,0.2,20.512,train
S1314,T2,773.0,377.0,20.0,381.0,126.0,cal
S1315,T1,17.0,46.0,6.0,81.0,31.0,train
S1316,T3,1858.0,740.0,61.0,409.0,595.0,train
S1317,T1,65.0,8.0,2.0,,19.0,train
S1318,T3,1299.0,521.0,475.0,496.0,500.0,cal
S1319,PD,30985.0,1890.0,33.0,37.0,46.0,test
S1320,D2,382.053,39.565,0.12,0.2,4.47,test
S1321,T2,335.0,306.0,10.0,148.0,186.0,cal
S1322,PD,22370.0,553.0,44.0,25.0,27.0,cal
S1323,PD,37417.0,,21.0,53.0,32.0,train
S1324,T3,1170.0,627.0,68.0,597.0,506.0,train
S1325,D1,1403.0,879.0,121.0,680.0,33.0,train
S1326,T3,1571.0,951.0,378.0,556.0,339.0,test
S1327,PD,8624.0,1746.0,2.0,87.0,21.0,cal
S1328,PD,14076.0,958.0,13.0,90.0,15.0,train
S1329,D2,773.316,20.274,0.12,,,train
S1330,T1,52.0,133.0,4.0,65.0,38.0,train
S1331,D1,1123.0,906.0,517.0,42.0,,train
S1332,T3,1876.0,812.0,249.0,439.0,519.0,train
S1333,T3,1621.0,925.0,305.0,636.0,255.0,test
S1334,D2,515.523,183.002,49.297,43.649,16.133,train
S1335,T3,1160.0,798.0,,511.0,250.0,train
S1336,D1,743.0,,324.0,89.0,95.0,test
S1337,T3,1499.0,933.0,315.0,450.0,366.0,train
S1338,T2,407.0,307.0,49.0,181.0,52.0,train
S1339,T1,30.0,17.0,9.0,8.0,74.0,test
S1340,T2,330.0,463.0,12.0,206.0,106.0,test
S1341,T2,416.0,273.0,49.0,319.0,165.0,train
S1342,T3,1182.0,965.0,,451.0,289.0,train
S1343,D2,67.157,0.0,22.761,36.624,0.2,test
S1344,PD,23884.0,709.0,1.0,86.0,42.0,train
S1345,T1,94.0,15.0,7.0,76.0,70.0,train
S1346,T2,612.0,273.0,6.0,189.0,278.0,train
S1347,D2,255.369,14.027,83.304,42.729,0.2,test
S1348,T3,1655.0,572.0,416.0,567.0,314.0,train
S1349,T1,123.0,131.0,1.0,12.0,85.0,train
S1350,T1,21.0,42.0,8.0,73.0,78.0,train
S1351,PD,26283.0,378.0,15.0,12.0,16.0,train
S1352,T3,954.0,765.0,220.0,729.0,269.0,train
S1353,D1,561.0,439.0,335.0,613.0,112.0,train
S1354,T1,60.0,81.0,5.0,76.0,61.0,test
S1355,T2,543.0,179.0,12.0,256.0,291.0,train
S1356,T2,518.0,192.0,14.0,,271.0,test
S1357,PD,5452.0,882.0,40.0,6.0,14.0,train
S1358,D1,1469.0,,90.0,714.0,,cal
S1359,T3,1698.0,820.0,469.0,645.0,411.0,train
S1360,T1,198.0,93.0,2.0,37.0,52.0,test
S1361,PD,29254.0,632.0,18.0,9.0,21.0,train
S1362,PD,12907.0,1184.0,16.0,79.0,10.0,train
S1363,D1,1047.0,797.0,33.0,164.0,35.0,train
S1364,T3,1196.0,583.0,317.0,488.0,519.0,test
S1365,PD,339.101,23.206,0.12,13.622,15.532,cal
S1366,T3,1445.0,516.0,205.0,511.0,512.0,cal
S1367,T1,19.0,9.0,2.0,41.0,86.0,cal
S1368,T3,1579.0,776.0,337.0,489.0,593.0,train
S1369,PD,12335.0,464.0,25.0,86.0,47.0,train
S1370,T1,173.0,33.0,3.0,13.0,87.0,train
S1371,T3,1086.0,740.0,457.0,673.0,380.0,train
S1372,T1,135.0,107.0,1.0,63.0,64.0,cal
S1373,D1,1163.0,62.0,623.0,874.0,103.0,train
S1374,PD,31446.0,,12.0,,12.0,cal
S1375,T2,207.0,371.0,36.0,364.0,111.0,cal
S1376,T1,103.0,42.0,2.0,45.0,37.0,train
S1377,T3,1708.0,912.0,213.0,693.0,502.0,train
S1378,T1,82.0,21.0,9.0,80.0,59.0,train
S1379,T3,1465.0,672.0,158.0,781.0,478.0,cal
S1380,D1,975.0,649.0,662.0,372.0,160.0,test
S1381,D1,1796.0,375.0,643.0,638.0,8.0,train
S1382,T3,1883.0,588.0,434.0,409.0,212.0,train
S1383,PD,10710.0,1706.0,6.0,64.0,13.0,cal
S1384,T2,482.0,344.0,48.0,123.0,150.0,cal
S1385,PD,31527.0,1182.0,28.0,2.0,21.0,train
S1386,D1,907.0,909.0,593.0,832.0,32.0,train
S1387,D1,680.445,0.0,4.341,0.2,0.2,test
S1388,T3,1001.0,745.0,155.0,483.0,533.0,test
S1389,T3,1639.0,763.0,332.0,672.0,463.0,cal
S1390,D1,1340.0,825.0,423.0,762.0,185.0,cal
S1391,T1,42.0,132.0,9.0,84.0,88.0,train
S1392,D1,1004.0,123.0,118.0,976.0,173.0,train
S1393,T3,1254.0,687.0,205.0,484.0,296.0,train
S1394,T2,605.0,415.0,33.0,370.0,152.0,train
S1395,PD,28773.0,433.0,48.0,98.0,2.0,train
S1396,T3,1941.0,703.0,394.0,499.0,264.0,cal
S1397,D1,745.0,966.0,427.0,574.0,67.0,train
S1398,T1,182.0,17.0,1.0,16.0,25.0,train
S1399,T3,800.0,813.0,107.0,412.0,336.0,cal
S1400,D2,980.492,51.942,0.12,0.2,7.342,train
S1401,T2,616.0,485.0,34.0,166.0,88.0,test
S1402,D1,66.0,8.27,8.21,9.21,8.21,train
S1403,T2,783.0,190.0,42.0,338.0,240.0,cal
S1404,PD,34778.0,231.0,19.0,62.0,2.0,train
S1405,T1,159.0,114.0,9.0,38.0,60.0,test
S1406,T2,269.0,470.0,46.0,311.0,134.0,train
S1407,D1,0.85,0.0,11.032,0.2,6.713,test
S1408,PD,24920.0,1287.0,35.0,71.0,48.0,train
S1409,D2,1213.506,87.237,24.109,143.502,30.886,train
S1410,T1,122.0,122.0,6.0,68.0,47.0,train
S1411,PD,31462.0,547.0,31.0,24.0,32.0,train
S1412,T1,122.0,77.0,6.0,8.0,52.0,train
S1413,PD,,1824.0,28.0,25.0,17.0,test
S1414,PD,26012.0,661.0,26.0,88.0,42.0,test
S1415,T3,1718.0,991.0,444.0,,261.0,train
S1416,D1,1181.0,232.0,93.0,219.0,60.0,train
S1417,PD,31782.0,676.0,46.0,93.0,31.0,train
S1418,T2,342.0,,42.0,192.0,254.0,train
S1419,PD,1958.767,166.042,0.12,80.054,429.647,cal
S1420,D2,762.92,114.868,77.89,,37.852,test
S1421,PD,9535.0,418.0,2.0,15.0,27.0,cal
S1422,T3,1350.0,626.0,490.0,765.0,345.0,cal
S1423,T3,1720.0,812.0,213.0,554.0,228.0,cal
S1424,T1,184.0,120.0,2.0,64.0,84.0,test
S1425,D1,,614.0,65.0,418.0,16.0,train
S1426,T3,1209.0,747.0,318.0,723.0,524.0,train
S1427,T1,156.0,79.0,,,47.0,train
S1428,PD,34673.0,1112.0,6.0,26.0,18.0,cal
S1429,D1,1646.0,365.0,537.0,274.0,,test
S1430,PD,20121.0,1766.0,9.0,91.0,18.0,train
S1431,PD,38561.0,966.0,3.0,65.0,32.0,train
S1432,D2,116.407,7.38,7.548,8.412,0.2,train
S1433,T3,1362.0,680.0,168.0,609.0,548.0,cal
S1434,T1,72.0,80.0,9.0,13.0,27.0,train
S1435,T3,968.0,816.0,277.0,684.0,238.0,train
S1436,T3,1713.0,763.0,112.0,474.0,270.0,train
S1437,T3,1413.0,844.0,112.0,548.0,474.0,train
S1438,T2,743.0,197.0,6.0,207.0,153.0,train
S1439,T3,865.0,710.0,405.0,588.0,331.0,train
S1440,D1,608.0,994.0,307.0,982.0,100.0,train
S1441,T1,107.0,98.0,6.0,47.0,38.0,test
S1442,T2,209.0,350.0,34.0,397.0,68.0,train
S1443,T3,1397.0,925.0,201.0,406.0,225.0,train
S1444,D2,14799.0,3224.0,5061.0,6349.0,101.0,train
S1445,T3,1716.0,654.0,303.0,528.0,448.0,train
S1446,T2,749.0,151.0,35.0,318.0,281.0,train
S1447,T3,834.0,655.0,54.0,678.0,370.0,test
S1448,PD,7032.0,1892.0,42.0,94.0,47.0,test
S1449,D1,,563.0,425.0,399.0,171.0,test
S1450,T3,1763.0,558.0,422.0,726.0,521.0,train
S1451,D2,300.0,240.0,140.0,160.0,14.0,train
S1452,T2,622.0,158.0,5.0,325.0,268.0,test
S1453,T2,288.0,456.0,19.0,325.0,142.0,train
S1454,T1,114.0,82.0,9.0,72.0,9.0,train
S1455,D1,1680.0,739.0,761.0,962.0,58.0,test
S1456,D1,227.0,683.0,98.0,367.0,23.0,test
S1457,T2,548.0,473.0,15.0,124.0,78.0,train
S1458,T3,900.0,823.0,450.0,660.0,561.0,train
S1459,T3,,540.0,257.0,431.0,581.0,train
S1460,T2,238.0,351.0,18.0,315.0,107.0,train
S1461,T3,1830.0,841.0,249.0,658.0,476.0,test
S1462,T2,419.0,324.0,30.0,168.0,119.0,train
S1463,T2,716.0,251.0,41.0,180.0,225.0,test
S1464,T2,684.0,196.0,20.0,333.0,233.0,cal
S1465,T3,1759.0,779.0,333.0,720.0,298.0,cal
S1466,T3,888.0,834.0,120.0,554.0,551.0,train
S1467,D2,656.058,60.403,80.207,92.324,9.445,test
S1468,D1,531.0,106.0,56.0,96.0,122.0,test
S1469,T1,92.0,100.0,5.0,,36.0,train
S1470,D1,694.0,497.0,50.0,489.0,125.0,cal
S1471,D2,0.85,0.0,0.12,0.2,29.739,train
S1472,D1,1465.0,781.0,602.0,774.0,113.0,cal
S1473,T1,73.0,133.0,8.0,74.0,21.0,cal
S1474,T2,760.0,160.0,46.0,397.0,186.0,train
S1475,T2,506.0,275.0,42.0,177.0,259.0,train
S1476,D1,1788.0,150.0,716.0,72.0,37.0,train
S1477,T1,158.0,30.0,2.0,84.0,47.0,cal
S1478,D1,1836.0,370.0,553.0,474.0,,cal
S1479,T2,555.0,454.0,11.0,208.0,77.0,train
S1480,D2,105.55,8.19,0.0,2.49,1.13,train
S1481,T3,1412.0,567.0,386.0,529.0,291.0,train
S1482,T3,1569.0,835.0,,476.0,531.0,train
S1483,D1,738.0,568.0,41.0,743.0,118.0,train
S1484,PD,29461.0,1123.0,30.0,90.0,30.0,train
S1485,T1,,75.0,7.0,52.0,72.0,train
S1486,D1,1191.0,723.0,513.0,848.0,159.0,cal
S1487,T2,693.0,451.0,46.0,299.0,159.0,train
S1488,D2,880.631,155.483,535.426,426.94,44.513,train
S1489,T1,147.0,91.0,9.0,92.0,46.0,train
S1490,T3,1867.0,713.0,224.0,577.0,212.0,train
S1491,T1,127.0,7.0,5.0,65.0,31.0,train
S1492,T1,81.0,58.0,3.0,87.0,86.0,train
S1493,PD,29069.0,1741.0,28.0,25.0,38.0,cal
S1494,D1,599.0,912.0,593.0,332.0,198.0,train
S1495,D2,51.2,37.6,51.6,52.8,5.1,test
S1496,T1,102.0,81.0,9.0,59.0,97.0,train
S1497,D1,162.0,674.0,49.0,697.0,31.0,train
S1498,D2,173.065,39.084,0.12,0.2,0.2,cal
S1499,T3,1205.0,507.0,471.0,491.0,521.0,train
S1500,T2,327.0,303.0,43.0,158.0,167.0,train
S1501,T1,,15.0,9.0,90.0,,train
S1502,D1,1885.0,239.0,699.0,113.0,37.0,test
S1503,T3,987.0,900.0,413.0,790.0,454.0,cal
S1504,D1,641.0,244.0,680.0,748.0,98.0,test
S1505,T1,47.0,39.0,7.0,47.0,69.0,train
S1506,D2,962.303,18.873,29.519,10.334,0.2,train
S1507,D2,217.656,82.507,83.033,85.232,0.2,train
S1508,PD,27784.0,1677.0,38.0,70.0,42.0,train
S1509,D2,641.605,36.155,5.616,9.958,0.2,test
S1510,D1,1175.0,539.0,497.0,701.0,32.0,train
S1511,D1,425.0,330.0,763.0,970.0,105.0,train
S1512,T1,111.0,17.0,1.0,79.0,31.0,cal
S1513,T1,184.0,144.0,9.0,9.0,49.0,train
S1514,T1,175.0,66.0,,35.0,15.0,train
S1515,D2,,25.99,27.64,20.09,4.63,cal
S1516,PD,11574.0,838.0,44.0,59.0,2.0,train
S1517,PD,,951.0,8.0,35.0,46.0,train
S1518,T1,84.0,19.0,9.0,23.0,56.0,train
S1519,PD,22928.0,696.0,31.0,58.0,6.0,train
S1520,T1,139.0,80.0,2.0,45.0,95.0,train
S1521,PD,39759.0,1683.0,2.0,30.0,46.0,cal
S1522,T3,1065.0,600.0,148.0,771.0,375.0,train
S1523,D1,1288.0,,492.0,,105.0,train
S1524,PD,15013.0,872.0,46.0,36.0,29.0,test
S1525,D1,1965.0,930.0,523.0,328.0,124.0,train
S1526,D1,1157.0,748.0,316.0,450.0,188.0,train
S1527,D1,1595.0,441.0,593.0,49.0,37.0,test
S1528,T3,1284.0,813.0,106.0,649.0,424.0,train
S1529,T1,47.0,7.0,0.0,0.55,1.2,test
S1530,T1,56.0,108.0,4.0,64.0,51.0,cal
S1531,T3,1756.0,599.0,202.0,429.0,413.0,train
S1532,D1,1535.0,717.0,701.0,,138.0,test
S1533,T1,102.0,133.0,5.0,6.0,15.0,test
S1534,T2,301.0,285.0,49.0,134.0,166.0,test
S1535,D1,1741.0,935.0,777.0,480.0,157.0,train
S1536,PD,11074.0,1454.0,12.0,8.0,32.0,train
S1537,PD,21960.0,1015.0,,20.0,16.0,train
S1538,T2,719.0,270.0,32.0,169.0,290.0,train
S1539,T1,198.0,65.0,9.0,85.0,14.0,cal
S1540,D1,725.0,934.0,541.0,628.0,92.0,train
S1541,D1,1048.0,956.0,,688.0,101.0,train
S1542,PD,19093.0,849.0,47.0,25.0,18.0,train
S1543,D2,3455.966,1142.334,1134.045,4355.17,76.069,cal
S1544,PD,34413.0,1267.0,5.0,89.0,31.0,cal
S1545,D2,150.191,48.424,50.857,49.715,0.2,test
S1546,T1,133.0,93.0,9.0,72.0,10.0,cal
S1547,T1,,70.0,,74.0,70.0,train
S1548,PD,,1081.0,,12.0,2.0,test
S1549,D2,555.537,36.672,33.027,57.529,3.176,train
S1550,PD,13840.0,876.0,31.0,20.0,47.0,test
S1551,T1,79.0,103.0,0.0,32.0,5.0,train
S1552,T2,15.0,6.6,0.0,0.65,0.0,train
S1553,T3,1471.0,533.0,254.0,760.0,268.0,train
S1554,D1,211.0,579.0,262.0,858.0,12.0,train
S1555,T3,1206.0,886.0,237.0,529.0,380.0,test
S1556,D2,401.47,0.0,1.262,,0.959,test
S1557,PD,21147.0,1075.0,37.0,30.0,33.0,cal
S1558,T1,153.0,103.0,6.0,21.0,40.0,train
S1559,PD,38242.0,1748.0,23.0,79.0,42.0,train
S1560,PD,22156.0,1400.0,26.0,53.0,26.0,train
S1561,D2,13052.0,3978.0,11087.0,6868.0,475.0,train
S1562,D1,1181.0,413.0,373.0,700.0,82.0,train
S1563,D2,429.442,99.055,56.082,150.113,256.446,train
S1564,T3,,720.0,294.0,625.0,350.0,train
S1565,T1,186.0,107.0,2.0,71.0,90.0,test
S1566,D1,1891.0,553.0,54.0,127.0,135.0,cal
S1567,T3,872.0,889.0,194.0,427.0,454.0,train
S1568,T1,55.0,57.0,5.0,41.0,65.0,train
S1569,T1,113.0,17.0,4.0,95.0,69.0,train
S1570,T3,1831.0,989.0,198.0,414.0,,train
S1571,T1,171.0,115.0,8.0,76.0,73.0,cal
S1572,PD,18495.0,1710.0,46.0,99.0,3.0,cal
S1573,PD,8105.0,1021.0,36.0,6.0,35.0,train
S1574,D2,466.5,148.8,511.5,266.4,13.1,cal
S1575,D1,457.0,451.0,466.0,388.0,66.0,train
S1576,T3,1691.0,813.0,144.0,668.0,522.0,train
S1577,T3,1867.0,808.0,195.0,507.0,536.0,train
S1578,T3,1180.0,,420.0,709.0,478.0,test
S1579,T3,1353.0,861.0,239.0,622.0,442.0,train
S1580,PD,10251.0,287.0,30.0,95.0,33.0,train
S1581,T2,797.0,302.0,45.0,261.0,200.0,test
S1582,T1,192.0,39.0,4.0,82.0,20.0,train
S1583,D1,,82.0,448.0,409.0,176.0,cal
S1584,T2,776.0,204.0,16.0,278.0,155.0,test
S1585,D2,111.558,0.0,0.12,0.2,20.866,cal
S1586,PD,,1907.0,13.0,,42.0,cal
S1587,PD,26150.0,1035.0,12.0,11.0,19.0,train
S1588,PD,34809.0,339.0,32.0,95.0,32.0,test
S1589,D1,660.497,0.0,54.589,12.698,21.811,test
S1590,D1,206.0,422.0,228.0,872.0,21.0,train
S1591,T2,601.0,467.0,30.0,,102.0,train
S1592,PD,21993.0,1412.0,23.0,25.0,30.0,train
S1593,D2,1203.951,91.652,87.73,37.152,0.2,test
S1594,PD,32390.0,1136.0,33.0,,45.0,train
S1595,D1,685.0,639.0,49.0,619.0,114.0,test
S1596,T3,,878.0,,695.0,532.0,train
S1597,T1,61.0,33.0,5.0,77.0,49.0,test
S1598,T3,1119.0,981.0,477.0,674.0,471.0,train
S1599,D2,1045.517,162.791,94.148,131.484,445.966,test
S1600,T2,,452.0,12.0,278.0,169.0,train
S1601,T3,,876.0,145.0,410.0,455.0,test
S1602,D1,0.85,0.0,13.975,0.2,0.2,cal
S1603,T3,932.0,645.0,187.0,555.0,247.0,test
S1604,D2,1274.259,40.745,110.598,331.975,3.807,train
S1605,T1,38.0,102.0,0.0,7.0,5.0,train
S1606,PD,30460.0,898.0,18.0,54.0,47.0,train
S1607,T1,12.0,17.0,9.0,59.0,20.0,train
S1608,D2,142.395,56.102,0.12,0.2,0.2,train
S1609,T3,930.0,829.0,274.0,550.0,403.0,train
S1610,D1,653.0,553.0,159.0,75.0,131.0,train
S1611,T1,,73.0,4.0,86.0,52.0,cal
S1612,D1,491.0,725.0,549.0,430.0,171.0,train
S1613,T3,1735.0,584.0,274.0,645.0,521.0,cal
S1614,T1,197.0,147.0,5.0,85.0,74.0,train
S1615,D2,,252.0,22.0,646.0,95.0,train
S1616,PD,13246.0,798.0,37.0,61.0,5.0,cal
S1617,PD,5170.0,1780.0,49.0,87.0,11.0,train
S1618,T2,735.0,281.0,26.0,168.0,192.0,cal
S1619,D1,1243.0,544.0,706.0,244.0,78.0,train
S1620,T2,738.0,237.0,18.0,207.0,290.0,train
S1621,PD,11817.0,1942.0,41.0,60.0,36.0,test
S1622,T1,194.0,83.0,6.0,64.0,53.0,train
S1623,T2,477.0,415.0,27.0,317.0,297.0,train
S1624,D1,890.0,360.0,407.0,,73.0,train
S1625,D2,1517.513,81.296,16.219,31.652,18.127,test
S1626,T3,1000.0,560.0,307.0,412.0,225.0,train
S1627,T3,987.0,984.0,,,302.0,train
S1628,D1,1635.0,79.0,603.0,341.0,29.0,train
S1629,D2,644.956,108.191,,,6.525,cal
S1630,T2,,233.0,24.0,175.0,,cal
S1631,PD,29721.0,1640.0,6.0,38.0,19.0,train
S1632,T1,142.0,65.0,8.0,19.0,,train
S1633,T1,13.0,32.0,7.0,7.0,28.0,cal
S1634,T3,1206.0,960.0,137.0,739.0,352.0,train
S1635,PD,37476.0,1221.0,16.0,45.0,0.0,train
S1636,T3,1436.0,958.0,351.0,444.0,567.0,train
S1637,PD,7064.0,616.0,16.0,87.0,13.0,test
S1638,T2,426.0,303.0,27.0,252.0,272.0,train
S1639,D1,1100.0,364.0,599.0,721.0,31.0,train
S1640,PD,13906.0,1343.0,,48.0,18.0,train
S1641,T3,1951.0,820.0,295.0,574.0,557.0,test
S1642,T1,187.0,145.0,7.0,72.0,40.0,train
S1643,T1,72.0,146.0,7.0,72.0,82.0,cal
S1644,T1,19.0,144.0,6.0,61.0,8.0,test
S1645,T2,788.0,319.0,22.0,218.0,216.0,train
S1646,T1,34.0,133.0,9.0,52.0,48.0,train
S1647,T3,1812.0,605.0,300.0,478.0,433.0,train
S1648,T1,16.0,86.0,9.0,82.0,41.0,cal
